email,username
paigebennett44@outlook.com,@Paige30
mrs.hill34@gmail.com,@Mrs.80
candicelambert59@yahoo.com,@Candice98
amandasmith75@outlook.com,@Amanda52
karenadams83@icloud.com,@Karen9
tashachambers77@yahoo.com,@Tasha1
danaturner56@outlook.com,@Dana50
carlanolan37@outlook.com,@Carla2
melissacastro75@icloud.com,@Melissa29
mrs.md90@icloud.com,@Mrs.14
tamarasmith38@gmail.com,@Tamara49
amykelly49@icloud.com,@Amy47
lauracurry24@yahoo.com,@Laura37
charleneolson96@outlook.com,@Charlene61
jenniferromero100@yahoo.com,@Jennifer61
tinaatkinson8@gmail.com,@Tina87
taylorsmith88@gmail.com,@Taylor33
tarahowe20@yahoo.com,@Tara37
emilyclements61@gmail.com,@Emily3
beverlywatts52@icloud.com,@Beverly87
cynthiatorres50@yahoo.com,@Cynthia37
jeanbarron1@outlook.com,@Jean93
leahbell54@icloud.com,@Leah53
heididavis7@outlook.com,@Heidi86
nicolepeterson89@outlook.com,@Nicole99
sarahclark13@yahoo.com,@Sarah81
tammywilkerson67@icloud.com,@Tammy99
stephaniewarner54@outlook.com,@Stephanie82
stephanielutz82@icloud.com,@Stephanie41
elizabethphillips10@yahoo.com,@Elizabeth31
shawnahernandez67@gmail.com,@Shawna11
kellywashington52@yahoo.com,@Kelly47
jenniferbrewer87@outlook.com,@Jennifer40
jennifermoran43@gmail.com,@Jennifer54
claudiathomas16@outlook.com,@Claudia49
angelacook44@yahoo.com,@Angela94
ashleyknight53@gmail.com,@Ashley93
jessicaharper37@icloud.com,@Jessica69
sandraanderson60@gmail.com,@Sandra90
annewatkins57@gmail.com,@Anne78
jillhernandez87@outlook.com,@Jill37
amybautista74@yahoo.com,@Amy90
alexislindsey50@outlook.com,@Alexis70
stephanieosborne63@outlook.com,@Stephanie9
sarahchavez42@outlook.com,@Sarah97
pattyhood73@gmail.com,@Patty54
kelseysmith67@icloud.com,@Kelsey88
jessicaolson85@outlook.com,@Jessica84
monicamoore65@outlook.com,@Monica28
jacquelinecruz58@gmail.com,@Jacqueline39
nancygonzalez99@outlook.com,@Nancy8
carmenharmon59@gmail.com,@Carmen4
kristinlowery85@icloud.com,@Kristin74
dianamd87@yahoo.com,@Diana30
colleensantiago66@icloud.com,@Colleen90
caseysmith54@icloud.com,@Casey96
jordanperry77@icloud.com,@Jordan55
rebeccarodriguez62@gmail.com,@Rebecca52
alexandraodonnell26@outlook.com,@Alexandra42
shannonroach45@gmail.com,@Shannon77
emilywagner98@icloud.com,@Emily17
stephaniemitchell9@outlook.com,@Stephanie71
megancox23@yahoo.com,@Megan51
sierratrujillo76@yahoo.com,@Sierra96
staceywarner37@yahoo.com,@Stacey56
judithcook59@yahoo.com,@Judith73
kaylasanchez56@yahoo.com,@Kayla46
maryhaas89@gmail.com,@Mary39
melissaestrada5@icloud.com,@Melissa38
kimberlyscott98@outlook.com,@Kimberly27
joanneandersen84@gmail.com,@Joanne67
nicolegonzalez13@yahoo.com,@Nicole99
amandamueller85@yahoo.com,@Amanda14
aliciawalters63@yahoo.com,@Alicia51
christineolsen37@gmail.com,@Christine42
laurietaylor85@icloud.com,@Laurie85
loriwalker23@outlook.com,@Lori66
nancyfisher65@icloud.com,@Nancy2
tiffanycastillo29@outlook.com,@Tiffany57
sarahphd17@gmail.com,@Sarah24
caitlinhughes74@outlook.com,@Caitlin57
lindsaymiller20@gmail.com,@Lindsay10
laurarush12@icloud.com,@Laura46
donnarichardson27@outlook.com,@Donna67
karenjensen89@gmail.com,@Karen18
lisarodgers92@yahoo.com,@Lisa10
victoriafisher91@icloud.com,@Victoria97
nancycarter91@outlook.com,@Nancy5
alyssathompson92@outlook.com,@Alyssa49
ashleypennington36@gmail.com,@Ashley6
marystein20@outlook.com,@Mary46
jenniferpatel96@gmail.com,@Jennifer74
rosegutierrez84@yahoo.com,@Rose28
cheryldawson20@gmail.com,@Cheryl77
mckenziemorgan87@outlook.com,@Mckenzie77
andreale70@icloud.com,@Andrea36
amygilbert96@outlook.com,@Amy68
kristinabaker23@yahoo.com,@Kristina91
tinarhodes5@icloud.com,@Tina65
tarahenderson56@outlook.com,@Tara46
ericanorton93@gmail.com,@Erica45
reneebrowning52@outlook.com,@Renee9
meghanadams41@icloud.com,@Meghan94
brittanylee4@yahoo.com,@Brittany85
angelamoore7@yahoo.com,@Angela84
alexandriaprice87@outlook.com,@Alexandria96
brittanysimon29@outlook.com,@Brittany50
amyschwartz41@outlook.com,@Amy78
lisawells97@yahoo.com,@Lisa44
susanparrish33@gmail.com,@Susan5
staceyreyes78@outlook.com,@Stacey61
briannaknapp16@outlook.com,@Brianna27
michelleanderson48@gmail.com,@Michelle77
nicolemelendez25@icloud.com,@Nicole17
annawilliams50@outlook.com,@Anna60
jenniferhall2@icloud.com,@Jennifer71
christinastevenson38@icloud.com,@Christina82
emilypatel18@gmail.com,@Emily7
kaitlynmckee31@icloud.com,@Kaitlyn60
patriciathompson32@outlook.com,@Patricia57
christinacordova29@icloud.com,@Christina56
kimberlyzhang46@gmail.com,@Kimberly55
emilydavila68@gmail.com,@Emily16
rachelharris9@yahoo.com,@Rachel15
jenniferbrennan77@yahoo.com,@Jennifer25
deannahobbs9@yahoo.com,@Deanna96
lisaramos34@icloud.com,@Lisa15
alyssawells96@outlook.com,@Alyssa13
vickiewang92@yahoo.com,@Vickie11
aprilaguilar18@gmail.com,@April52
debrapark53@icloud.com,@Debra38
brendaflores27@outlook.com,@Brenda18
aliciapowell92@yahoo.com,@Alicia9
karenpennington42@yahoo.com,@Karen80
lauraberg27@gmail.com,@Laura55
susanmccoy85@outlook.com,@Susan34
joannnewman26@gmail.com,@Joann21
nancynelson3@outlook.com,@Nancy19
mariecastillo28@gmail.com,@Marie50
amyrowe6@icloud.com,@Amy11
rachaelmd98@gmail.com,@Rachael98
elizabethryan96@yahoo.com,@Elizabeth85
kimberlyedwards70@yahoo.com,@Kimberly52
jennywoods25@outlook.com,@Jenny91
natashajohnson61@gmail.com,@Natasha23
melissamckenzie63@gmail.com,@Melissa100
kimberlycampbell70@outlook.com,@Kimberly2
cassandraroach96@icloud.com,@Cassandra86
jacquelinesmith57@yahoo.com,@Jacqueline24
lindseydunlap10@gmail.com,@Lindsey69
barbararamos79@yahoo.com,@Barbara52
amandaramirez83@yahoo.com,@Amanda22
amandahiggins47@yahoo.com,@Amanda94
karinawalker80@outlook.com,@Karina40
christinegreen55@yahoo.com,@Christine38
ashleylopez36@icloud.com,@Ashley3
brittanymorrison4@yahoo.com,@Brittany56
victorianorton91@gmail.com,@Victoria30
connieriley20@yahoo.com,@Connie36
brendathompson73@gmail.com,@Brenda5
jenniferjones47@outlook.com,@Jennifer68
erinbarron5@outlook.com,@Erin5
katrinahartman66@gmail.com,@Katrina74
lisashaw87@outlook.com,@Lisa52
laurapacheco35@outlook.com,@Laura96
katherinebray96@gmail.com,@Katherine48
angelmartin22@gmail.com,@Angel17
crystalkemp27@outlook.com,@Crystal1
colleenbooker70@outlook.com,@Colleen74
christinasims17@yahoo.com,@Christina95
denisestewart87@icloud.com,@Denise83
ashleymeyer84@yahoo.com,@Ashley74
krystallozano67@icloud.com,@Krystal15
emilyscott79@yahoo.com,@Emily42
michaelaking88@gmail.com,@Michaela52
juliemorales99@gmail.com,@Julie81
stephaniebarnes24@icloud.com,@Stephanie65
jenniferromero74@icloud.com,@Jennifer83
hollywhite85@outlook.com,@Holly34
carriehunter14@gmail.com,@Carrie54
tinazimmerman89@gmail.com,@Tina100
jasminewilliams23@icloud.com,@Jasmine75
christinamd7@icloud.com,@Christina14
lauracook47@gmail.com,@Laura57
staciemartin34@outlook.com,@Stacie5
jessicajohnson99@gmail.com,@Jessica37
pamelapayne31@outlook.com,@Pamela39
katrinahall3@icloud.com,@Katrina3
kristinsanchez26@icloud.com,@Kristin62
amandabrown6@icloud.com,@Amanda73
jamiebailey48@yahoo.com,@Jamie58
brookemurphy66@outlook.com,@Brooke53
melissaperez73@outlook.com,@Melissa16
carrieadams21@outlook.com,@Carrie88
taragarcia45@icloud.com,@Tara92
amysmall48@gmail.com,@Amy99
jennifertorres17@yahoo.com,@Jennifer41
emilygamble72@gmail.com,@Emily73
patriciariley40@gmail.com,@Patricia59
paulafarmer43@icloud.com,@Paula76
jessicaesparza49@outlook.com,@Jessica87
jessicaporter24@yahoo.com,@Jessica4
margaretcarter60@yahoo.com,@Margaret81
katietanner64@yahoo.com,@Katie28
melissapayne69@outlook.com,@Melissa27
amyherrera23@gmail.com,@Amy77
emilybeck42@outlook.com,@Emily95
christinadvm54@yahoo.com,@Christina76
laurenbenson71@outlook.com,@Lauren53
normahowell23@outlook.com,@Norma78
marybenson65@yahoo.com,@Mary37
amberstewart16@gmail.com,@Amber36
aliciathomas12@icloud.com,@Alicia26
stephanielewis5@icloud.com,@Stephanie75
danabrown48@gmail.com,@Dana51
brittanyharrison1@gmail.com,@Brittany36
elizabethburns47@yahoo.com,@Elizabeth47
amandajohnson77@yahoo.com,@Amanda27
crystalsmith18@icloud.com,@Crystal87
kimberlysmith40@gmail.com,@Kimberly52
ashleyjones97@outlook.com,@Ashley96
kendrataylor7@icloud.com,@Kendra81
sandyvazquez84@outlook.com,@Sandy33
kelliscott66@gmail.com,@Kelli75
ruthramos34@yahoo.com,@Ruth8
elizabethdiaz20@icloud.com,@Elizabeth59
paigeperkins46@icloud.com,@Paige42
angelawalker82@gmail.com,@Angela51
sabrinabowman9@yahoo.com,@Sabrina46
amyrodriguez76@gmail.com,@Amy60
sarachan85@gmail.com,@Sara100
marybrown61@yahoo.com,@Mary26
jessicafrye73@gmail.com,@Jessica83
kristinmoses22@outlook.com,@Kristin69
danajohnson16@gmail.com,@Dana56
michellemason43@gmail.com,@Michelle45
danasmith52@yahoo.com,@Dana6
mariageorge29@outlook.com,@Maria10
tinahale88@icloud.com,@Tina56
tarakennedy11@outlook.com,@Tara76
sandraramsey60@gmail.com,@Sandra14
marygreene66@icloud.com,@Mary79
kathypena78@gmail.com,@Kathy90
ashleymiller66@icloud.com,@Ashley64
angelalucas55@outlook.com,@Angela91
lisafitzpatrick22@gmail.com,@Lisa56
cindylambert37@icloud.com,@Cindy65
mistyballard95@icloud.com,@Misty70
haleysmith46@gmail.com,@Haley43
stephaniejackson4@outlook.com,@Stephanie10
tammycoffey63@icloud.com,@Tammy67
kimberlyhart27@icloud.com,@Kimberly87
courtneystewart69@gmail.com,@Courtney98
cherylcarter10@icloud.com,@Cheryl76
dawnfritz7@icloud.com,@Dawn98
feliciasmith71@outlook.com,@Felicia21
robinwilcox50@gmail.com,@Robin22
amandamartinez40@outlook.com,@Amanda12
ashleysoto5@gmail.com,@Ashley32
carlavasquez36@gmail.com,@Carla38
caitlinbrown94@icloud.com,@Caitlin81
alexaolsen88@icloud.com,@Alexa45
stacyyoung33@yahoo.com,@Stacy90
margaretschneider50@icloud.com,@Margaret36
stephaniemurray67@gmail.com,@Stephanie1
meganmartinez73@yahoo.com,@Megan99
amandawoods24@icloud.com,@Amanda63
allisoncampbell18@gmail.com,@Allison57
melaniesims68@outlook.com,@Melanie76
joymartinez14@yahoo.com,@Joy71
tinacox91@gmail.com,@Tina71
lauriejones77@icloud.com,@Laurie45
heathersalazar30@yahoo.com,@Heather63
juliebrady61@yahoo.com,@Julie73
marilynbaker69@yahoo.com,@Marilyn33
brittanywallace54@yahoo.com,@Brittany91
sheilawaters54@gmail.com,@Sheila87
juliabishop88@outlook.com,@Julia84
taraanderson66@icloud.com,@Tara16
patriciathompson82@gmail.com,@Patricia81
jaimeruiz18@yahoo.com,@Jaime62
heatherbrown83@gmail.com,@Heather65
theresawatson35@icloud.com,@Theresa36
melissarasmussen53@gmail.com,@Melissa59
kimberlyhall44@outlook.com,@Kimberly2
lisadiaz31@gmail.com,@Lisa35
jenniferswanson78@icloud.com,@Jennifer25
sarahgonzales60@icloud.com,@Sarah85
valeriehobbs48@icloud.com,@Valerie68
sarahhart32@icloud.com,@Sarah65
jenniferpham98@gmail.com,@Jennifer17
jessicastephens28@outlook.com,@Jessica99
julieholmes38@outlook.com,@Julie70
allisonblankenship83@gmail.com,@Allison50
theresaryan55@gmail.com,@Theresa37
meganpeterson29@icloud.com,@Megan50
debratucker90@outlook.com,@Debra25
kathrynlewis15@gmail.com,@Kathryn77
mirandasmith71@gmail.com,@Miranda35
aliciadvm17@gmail.com,@Alicia88
elizabethsullivan36@gmail.com,@Elizabeth6
taylorstevenson54@icloud.com,@Taylor82
dianecherry19@outlook.com,@Diane69
kathleencastillo38@outlook.com,@Kathleen60
kristinahawkins22@icloud.com,@Kristina61
teresaperez59@outlook.com,@Teresa67
samanthaperkins61@icloud.com,@Samantha80
carlamorrison11@outlook.com,@Carla12
sherrimurray64@icloud.com,@Sherri19
susanpaul32@outlook.com,@Susan23
staceyanderson11@icloud.com,@Stacey50
emmafletcher94@yahoo.com,@Emma24
amymartin28@gmail.com,@Amy98
tabithamcfarland94@outlook.com,@Tabitha11
allisonthomas79@gmail.com,@Allison1
kimberlyrandolph68@yahoo.com,@Kimberly33
patriciaberger13@outlook.com,@Patricia52
victoriapatterson67@yahoo.com,@Victoria55
aliciajackson39@gmail.com,@Alicia44
susancook37@gmail.com,@Susan58
amberowen45@gmail.com,@Amber100
emilyfletcher74@outlook.com,@Emily58
ebonyrogers49@gmail.com,@Ebony93
ashleypetersen7@icloud.com,@Ashley80
kristinlewis51@yahoo.com,@Kristin21
christinahatfield100@outlook.com,@Christina8
angelagraham42@outlook.com,@Angela32
loricohen9@icloud.com,@Lori26
mrs.harrington51@yahoo.com,@Mrs.53
debbieproctor40@gmail.com,@Debbie47
claudiaspencer38@gmail.com,@Claudia58
jessicamd29@gmail.com,@Jessica3
karenflowers22@outlook.com,@Karen74
danabutler6@yahoo.com,@Dana4
jennifermoody33@gmail.com,@Jennifer57
shannonbarnes89@icloud.com,@Shannon77
rebeccagonzales2@outlook.com,@Rebecca74
aprilbradshaw49@yahoo.com,@April68
kaylagonzales14@yahoo.com,@Kayla11
jennifersmith69@outlook.com,@Jennifer74
melissahayes87@outlook.com,@Melissa53
jennymartin25@yahoo.com,@Jenny57
laurahart93@outlook.com,@Laura40
amyking43@icloud.com,@Amy82
francesbridges90@gmail.com,@Frances48
cassandrabailey17@gmail.com,@Cassandra4
daniellehunt53@outlook.com,@Danielle9
kerrisalazar73@yahoo.com,@Kerri15
lesliemurphy46@outlook.com,@Leslie4
amyjohnson8@outlook.com,@Amy95
kerriwatson93@outlook.com,@Kerri71
christinalowe88@outlook.com,@Christina2
jessicadodson57@gmail.com,@Jessica34
stephaniejones66@outlook.com,@Stephanie53
joanneortiz39@yahoo.com,@Joanne37
amandalee83@outlook.com,@Amanda24
lisadixon29@yahoo.com,@Lisa55
cherylmunoz70@outlook.com,@Cheryl3
taylorcobb24@icloud.com,@Taylor47
tamaragonzalez41@gmail.com,@Tamara41
joannhall95@gmail.com,@Joann48
elizabethmartin57@outlook.com,@Elizabeth38
sarahharper89@icloud.com,@Sarah68
jeanjefferson15@gmail.com,@Jean77
emilygardner27@gmail.com,@Emily80
tamifisher42@yahoo.com,@Tami18
kimmeadows5@icloud.com,@Kim59
leslielee8@gmail.com,@Leslie53
mistybishop61@yahoo.com,@Misty93
jenniferobrien72@yahoo.com,@Jennifer5
daniellebutler54@icloud.com,@Danielle77
juliecalderon64@outlook.com,@Julie79
ambersanchez75@icloud.com,@Amber68
emilyvance17@yahoo.com,@Emily29
marystrickland54@icloud.com,@Mary89
catherinemiller20@icloud.com,@Catherine20
mallorymiller15@yahoo.com,@Mallory50
tammynewton85@yahoo.com,@Tammy96
meganwilson69@icloud.com,@Megan25
denisewallace40@icloud.com,@Denise53
evelynblankenship24@yahoo.com,@Evelyn85
alexismd41@icloud.com,@Alexis33
kristinasmith98@icloud.com,@Kristina97
morganhunt32@icloud.com,@Morgan38
gabrielleriley34@icloud.com,@Gabrielle20
erikacruz88@icloud.com,@Erika89
michellevance80@icloud.com,@Michelle11
brookemaldonado14@yahoo.com,@Brooke24
kellyjohnson94@icloud.com,@Kelly31
saralewis82@yahoo.com,@Sara28
rebeccaspencer46@outlook.com,@Rebecca3
christinaayala75@icloud.com,@Christina7
cassandramcintosh49@yahoo.com,@Cassandra3
jillmiller33@gmail.com,@Jill40
katherinerangel2@icloud.com,@Katherine26
ashleygarcia8@gmail.com,@Ashley66
amandafuller45@yahoo.com,@Amanda4
brittanydavis67@gmail.com,@Brittany93
meganlara4@yahoo.com,@Megan28
karamason9@yahoo.com,@Kara97
emilylee47@outlook.com,@Emily48
elizabethhill78@outlook.com,@Elizabeth71
patriciagonzalez27@gmail.com,@Patricia85
rebeccaramos47@outlook.com,@Rebecca43
phyllisburns22@gmail.com,@Phyllis2
sarahthomas69@gmail.com,@Sarah58
vickielarson86@yahoo.com,@Vickie55
jessicaramirez11@yahoo.com,@Jessica73
cindymartinez45@icloud.com,@Cindy12
maryblake73@outlook.com,@Mary50
dianasmith49@outlook.com,@Diana65
sherrisalazar63@yahoo.com,@Sherri70
jamiemcdonald55@yahoo.com,@Jamie83
breannaking56@outlook.com,@Breanna32
angelaparker74@outlook.com,@Angela59
katherinefreeman41@yahoo.com,@Katherine32
mrs.collins65@icloud.com,@Mrs.61
susanpearson18@gmail.com,@Susan65
amandabaker6@yahoo.com,@Amanda73
cindykelly43@gmail.com,@Cindy18
kristensnyder40@yahoo.com,@Kristen41
stephanieadams31@icloud.com,@Stephanie70
rhondadavis30@yahoo.com,@Rhonda54
ginaclark53@yahoo.com,@Gina65
reneerogers7@icloud.com,@Renee46
aliciabryan22@gmail.com,@Alicia34
lorimcmillan10@outlook.com,@Lori79
mariapetersen92@outlook.com,@Maria79
laurasmith57@outlook.com,@Laura8
laceybell39@gmail.com,@Lacey2
kimberlyfreeman62@outlook.com,@Kimberly16
terricannon77@gmail.com,@Terri14
nicolemeyers93@outlook.com,@Nicole38
savannahramirez59@yahoo.com,@Savannah87
tonimejia87@yahoo.com,@Toni100
cassandrajones8@icloud.com,@Cassandra48
karenmoore25@outlook.com,@Karen84
allisondickerson14@icloud.com,@Allison57
jennifergregory47@yahoo.com,@Jennifer96
jeanettesanchez69@outlook.com,@Jeanette40
kristinmarshall72@outlook.com,@Kristin89
marygriffin50@icloud.com,@Mary22
anarussell79@yahoo.com,@Ana12
donnacampos31@outlook.com,@Donna24
megangarcia67@gmail.com,@Megan76
kristendennis32@gmail.com,@Kristen87
angelicalewis33@gmail.com,@Angelica18
robinowens95@outlook.com,@Robin58
angelachambers90@outlook.com,@Angela43
sarahrose24@gmail.com,@Sarah4
brittanyshields11@yahoo.com,@Brittany97
catherinebenitez99@icloud.com,@Catherine21
meghanalexander81@gmail.com,@Meghan80
pamelajones31@outlook.com,@Pamela30
sophialittle81@yahoo.com,@Sophia41
karenbecker35@yahoo.com,@Karen21
aliciawarren20@outlook.com,@Alicia31
lindabaker26@icloud.com,@Linda9
marilyncole27@gmail.com,@Marilyn93
angelamyers77@outlook.com,@Angela85
kelseyallen100@yahoo.com,@Kelsey27
vanessashaffer25@gmail.com,@Vanessa8
crystalkoch85@outlook.com,@Crystal49
jenniferrodriguez86@outlook.com,@Jennifer16
karenmiller31@yahoo.com,@Karen91
katherinepadilla82@icloud.com,@Katherine27
tracytucker18@yahoo.com,@Tracy69
christinarobinson76@yahoo.com,@Christina16
karenvargas8@icloud.com,@Karen64
christinachandler33@outlook.com,@Christina84
jessicabrowning3@icloud.com,@Jessica86
jennifersandoval59@icloud.com,@Jennifer34
sandramarshall35@yahoo.com,@Sandra20
alexandracox3@gmail.com,@Alexandra54
christineward47@gmail.com,@Christine34
cynthiapham69@outlook.com,@Cynthia6
jessicadennis95@yahoo.com,@Jessica100
maryhill60@icloud.com,@Mary52
jenniferhart56@icloud.com,@Jennifer23
donnarussell72@icloud.com,@Donna43
jessicalewis52@gmail.com,@Jessica11
vanessawerner56@icloud.com,@Vanessa39
rachelsutton29@outlook.com,@Rachel25
deborahgordon34@icloud.com,@Deborah75
gwendolynmoreno56@outlook.com,@Gwendolyn63
lauragarcia22@gmail.com,@Laura11
katievelez34@icloud.com,@Katie36
kellyhouston78@yahoo.com,@Kelly69
erikajensen46@icloud.com,@Erika60
deborahmd62@gmail.com,@Deborah86
kellyellis23@icloud.com,@Kelly23
lisamason36@yahoo.com,@Lisa89
beverlypowell79@outlook.com,@Beverly31
christinaowen85@yahoo.com,@Christina54
biancajames61@yahoo.com,@Bianca39
melissajacobs38@gmail.com,@Melissa44
destinyromero33@icloud.com,@Destiny72
susannovak28@icloud.com,@Susan86
jacquelinecarrillo28@gmail.com,@Jacqueline93
danielledavis40@gmail.com,@Danielle12
kathleenprice20@gmail.com,@Kathleen99
moniquecook43@outlook.com,@Monique74
debracole21@icloud.com,@Debra58
mariamartin37@yahoo.com,@Maria63
katiebrowning90@outlook.com,@Katie85
julievazquez56@icloud.com,@Julie30
emilyday30@icloud.com,@Emily73
jessicarodriguez88@icloud.com,@Jessica54
sandrabranch88@outlook.com,@Sandra36
amysmith69@gmail.com,@Amy9
jessicajohnson57@outlook.com,@Jessica54
heatherburgess50@outlook.com,@Heather59
lisadavidson64@gmail.com,@Lisa43
candicedonaldson12@outlook.com,@Candice93
amylee2@outlook.com,@Amy46
amberwilliams80@outlook.com,@Amber93
pamelamorgan45@yahoo.com,@Pamela37
crystalwells87@outlook.com,@Crystal79
susanboyd38@yahoo.com,@Susan66
heathergaines28@gmail.com,@Heather40
brandyhammond30@icloud.com,@Brandy73
kathleenwilliams7@outlook.com,@Kathleen21
denisezimmerman56@icloud.com,@Denise86
susanibarra19@gmail.com,@Susan27
marisawelch59@gmail.com,@Marisa95
danagoodman25@outlook.com,@Dana47
christinebeck46@yahoo.com,@Christine11
mariahorr19@gmail.com,@Mariah29
rhondasmith50@outlook.com,@Rhonda37
jessicaalexander25@gmail.com,@Jessica8
sarahphillips19@icloud.com,@Sarah32
shellymurphy81@icloud.com,@Shelly44
kimmathis50@outlook.com,@Kim51
shelbygallagher2@outlook.com,@Shelby16
juliaowen8@icloud.com,@Julia76
nataliebarker59@yahoo.com,@Natalie93
sarahcaldwell72@yahoo.com,@Sarah55
aliciabowen49@gmail.com,@Alicia96
taraharris85@gmail.com,@Tara23
brookecraig79@outlook.com,@Brooke64
juliemelton5@gmail.com,@Julie85
suzannestokes14@icloud.com,@Suzanne59
angelaandrews9@outlook.com,@Angela63
kathyjohnson18@icloud.com,@Kathy25
juliarocha42@outlook.com,@Julia69
alishavega85@outlook.com,@Alisha13
kellydavila72@outlook.com,@Kelly48
reneehill14@gmail.com,@Renee85
stephaniezuniga23@outlook.com,@Stephanie81
kathyharmon65@gmail.com,@Kathy74
tinapatterson61@icloud.com,@Tina95
jacquelinebecker43@outlook.com,@Jacqueline1
christinelittle39@gmail.com,@Christine42
juliadiaz44@outlook.com,@Julia72
destinyparker92@gmail.com,@Destiny18
sarasmith41@outlook.com,@Sara79
meganpalmer1@icloud.com,@Megan88
dr.taylor95@yahoo.com,@Dr.32
heidiwolfe46@gmail.com,@Heidi40
angelaoliver79@outlook.com,@Angela91
annebullock74@gmail.com,@Anne76
dorothygonzalez4@yahoo.com,@Dorothy15
crystalbrown96@icloud.com,@Crystal97
sueortiz50@outlook.com,@Sue3
christinemcguire73@icloud.com,@Christine6
brandicook72@outlook.com,@Brandi97
jenniferperez52@outlook.com,@Jennifer33
karentaylor62@outlook.com,@Karen54
tiffanymd12@outlook.com,@Tiffany84
melanietorres46@outlook.com,@Melanie49
tracyjacobs14@outlook.com,@Tracy52
cynthiaturner95@outlook.com,@Cynthia60
jennifershepherd74@icloud.com,@Jennifer98
ritalarson7@yahoo.com,@Rita23
heatherdixon72@icloud.com,@Heather70
lorrainedds82@yahoo.com,@Lorraine84
nicolethompson86@yahoo.com,@Nicole73
lisahoward40@yahoo.com,@Lisa75
patriciabanks48@gmail.com,@Patricia1
cynthiablack51@gmail.com,@Cynthia38
katherinearmstrong27@gmail.com,@Katherine19
erikathomas13@outlook.com,@Erika3
dawncrawford40@icloud.com,@Dawn9
melissazimmerman11@yahoo.com,@Melissa53
sheilaevans83@outlook.com,@Sheila34
christinamccoy61@gmail.com,@Christina82
michaelanelson75@outlook.com,@Michaela74
nicholesmith11@icloud.com,@Nichole72
reneeschmidt20@gmail.com,@Renee9
maryherring13@icloud.com,@Mary85
jessicagarrett28@icloud.com,@Jessica16
janicedvm65@gmail.com,@Janice12
kellymathews72@icloud.com,@Kelly22
carolwilliamson18@icloud.com,@Carol8
jenniferlogan10@outlook.com,@Jennifer35
stephaniestephens50@icloud.com,@Stephanie98
deborahgarcia60@icloud.com,@Deborah34
ambergibbs81@yahoo.com,@Amber22
nicoleadams24@outlook.com,@Nicole78
lindashaw78@icloud.com,@Linda46
meredithrivas98@yahoo.com,@Meredith96
michellehumphrey70@gmail.com,@Michelle87
tiffanygonzales66@icloud.com,@Tiffany96
allisonwhite9@outlook.com,@Allison43
kellyduran36@gmail.com,@Kelly47
samanthanichols60@yahoo.com,@Samantha99
joanmelendez40@yahoo.com,@Joan76
kimberlyspencer56@yahoo.com,@Kimberly17
crystalrhodes30@icloud.com,@Crystal1
wendywalker22@yahoo.com,@Wendy75
emilycollins54@gmail.com,@Emily91
laurenmosley49@gmail.com,@Lauren48
haleygrimes92@yahoo.com,@Haley78
ericakim32@yahoo.com,@Erica42
melissawright24@gmail.com,@Melissa79
jenniferzamora92@yahoo.com,@Jennifer94
jadebuckley2@icloud.com,@Jade85
kelseyhernandez20@yahoo.com,@Kelsey87
ashleyalvarez58@gmail.com,@Ashley6
christinafox80@yahoo.com,@Christina76
annestark68@gmail.com,@Anne36
kristengonzalez12@outlook.com,@Kristen66
sharonlane1@icloud.com,@Sharon33
samanthajohnson99@gmail.com,@Samantha41
krystaladams51@yahoo.com,@Krystal85
ginanguyen62@yahoo.com,@Gina81
candiceanderson37@yahoo.com,@Candice43
lauriewashington84@outlook.com,@Laurie10
maryquinn25@yahoo.com,@Mary41
melaniemurphy66@icloud.com,@Melanie19
lisapierce49@icloud.com,@Lisa43
brookebarr100@outlook.com,@Brooke47
sarahmarquez69@outlook.com,@Sarah73
hannahmd53@yahoo.com,@Hannah53
melissajoseph49@icloud.com,@Melissa63
krystalmay87@icloud.com,@Krystal37
natalieleonard53@gmail.com,@Natalie76
michellemyers20@icloud.com,@Michelle21
lesliepadilla55@gmail.com,@Leslie55
kathleengonzalez54@outlook.com,@Kathleen36
mariamurphy74@yahoo.com,@Maria55
kaylafreeman80@icloud.com,@Kayla69
amandamartinez18@icloud.com,@Amanda9
lynnbaldwin100@outlook.com,@Lynn36
crystalhahn5@gmail.com,@Crystal19
jessicapham85@outlook.com,@Jessica81
bonniesmith80@outlook.com,@Bonnie90
emilycoleman89@icloud.com,@Emily34
brittanyroman49@gmail.com,@Brittany47
meagandelacruz1@yahoo.com,@Meagan20
michelleholmes33@gmail.com,@Michelle95
jessicadds89@outlook.com,@Jessica24
tiffanybrown56@icloud.com,@Tiffany53
ashleekeith18@outlook.com,@Ashlee50
robertahaas52@gmail.com,@Roberta15
sarahmyers39@yahoo.com,@Sarah40
cynthiapatton55@gmail.com,@Cynthia66
margaretmccullough62@gmail.com,@Margaret17
amymcguire80@gmail.com,@Amy55
emilyhowell79@yahoo.com,@Emily69
laurachoi26@gmail.com,@Laura40
tammylarson2@yahoo.com,@Tammy64
jadegreen67@outlook.com,@Jade33
christineanderson91@icloud.com,@Christine43
meganblack30@yahoo.com,@Megan70
leahjohnson38@outlook.com,@Leah71
kaylamoon32@outlook.com,@Kayla55
virginiasaunders17@outlook.com,@Virginia26
isabelwalker76@icloud.com,@Isabel77
elizabethrogers95@outlook.com,@Elizabeth40
stacyhernandez6@outlook.com,@Stacy62
sandraflores59@outlook.com,@Sandra82
joycebird13@icloud.com,@Joyce82
laurenstephens23@icloud.com,@Lauren94
amyjones84@yahoo.com,@Amy78
wendywright43@gmail.com,@Wendy91
tarakennedy76@yahoo.com,@Tara29
robinrodriguez42@icloud.com,@Robin89
christyjordan19@yahoo.com,@Christy52
cassandrahall80@yahoo.com,@Cassandra83
nicolerobinson63@icloud.com,@Nicole14
lauracarson62@yahoo.com,@Laura33
robingonzalez52@yahoo.com,@Robin44
samanthabowers2@outlook.com,@Samantha33
dawndunn47@outlook.com,@Dawn49
jacquelineevans45@gmail.com,@Jacqueline18
kathleenrowland43@outlook.com,@Kathleen40
jenniferbrown23@yahoo.com,@Jennifer24
vickiedodson24@gmail.com,@Vickie24
nancyrodriguez69@yahoo.com,@Nancy28
andreamiller9@outlook.com,@Andrea55
kellysmith49@outlook.com,@Kelly22
laurenwhite75@yahoo.com,@Lauren1
taragibson82@yahoo.com,@Tara11
alyssaallen72@gmail.com,@Alyssa21
rebeccastout73@gmail.com,@Rebecca17
denisewebb70@icloud.com,@Denise88
taylorwilliams42@outlook.com,@Taylor49
beverlymarshall52@icloud.com,@Beverly52
catherinecruz62@icloud.com,@Catherine43
emmakane14@yahoo.com,@Emma1
nicolehaynes35@yahoo.com,@Nicole54
tracymcdonald56@icloud.com,@Tracy52
abigailtrevino28@yahoo.com,@Abigail11
tarachambers96@gmail.com,@Tara100
lisagoodwin99@gmail.com,@Lisa9
catherinealvarez39@yahoo.com,@Catherine100
christinalane95@icloud.com,@Christina73
kathleenharris11@outlook.com,@Kathleen52
annaford88@outlook.com,@Anna79
bettychavez45@icloud.com,@Betty28
chelseawoods26@outlook.com,@Chelsea60
susanobrien19@icloud.com,@Susan76
angelamd45@outlook.com,@Angela4
michelejohnson69@gmail.com,@Michele6
adriennebowers44@icloud.com,@Adrienne58
sheilacollins38@icloud.com,@Sheila48
jennifermorales19@outlook.com,@Jennifer8
rebeccacruz24@icloud.com,@Rebecca50
brittanymcgrath37@gmail.com,@Brittany82
sabrinamurray95@outlook.com,@Sabrina33
jessicasosa85@outlook.com,@Jessica23
kimberlysnow52@yahoo.com,@Kimberly60
angelacastaneda73@icloud.com,@Angela39
tammydelgado40@gmail.com,@Tammy51
nicolehall64@icloud.com,@Nicole30
lisareyes73@icloud.com,@Lisa52
pamelalopez66@yahoo.com,@Pamela7
angeladonovan50@outlook.com,@Angela46
kelliayala51@icloud.com,@Kelli48
rebeccarose85@outlook.com,@Rebecca38
beckybriggs92@outlook.com,@Becky84
ashleysmith51@outlook.com,@Ashley98
staceytorres96@yahoo.com,@Stacey91
susanphillips84@gmail.com,@Susan22
katherinehurst78@outlook.com,@Katherine69
evelynmclean22@yahoo.com,@Evelyn38
melissaaustin80@outlook.com,@Melissa78
karinataylor81@outlook.com,@Karina58
mrs.fowler48@icloud.com,@Mrs.44
mercedesbarajas38@gmail.com,@Mercedes15
andreamann88@gmail.com,@Andrea70
robinfoley78@yahoo.com,@Robin45
lindseywashington97@icloud.com,@Lindsey94
sandramartinez91@gmail.com,@Sandra53
danaalexander80@outlook.com,@Dana91
stacybell53@yahoo.com,@Stacy49
saranicholson59@yahoo.com,@Sara32
vickiesuarez47@yahoo.com,@Vickie10
kimherman93@gmail.com,@Kim51
nicolejohnson31@outlook.com,@Nicole47
allisonhale52@icloud.com,@Allison11
kimberlysolomon96@yahoo.com,@Kimberly98
jasminevasquez14@outlook.com,@Jasmine93
jenniferlarson49@outlook.com,@Jennifer82
erinhernandez69@outlook.com,@Erin67
angelabowers71@gmail.com,@Angela33
nancyhicks8@icloud.com,@Nancy62
jenniferroberts58@yahoo.com,@Jennifer79
tanyamacdonald28@yahoo.com,@Tanya28
stephanielucas47@outlook.com,@Stephanie74
emilyweaver81@outlook.com,@Emily59
oliviakennedy47@gmail.com,@Olivia71
dianeherrera82@icloud.com,@Diane86
haileyharris11@outlook.com,@Hailey48
nicolegordon95@outlook.com,@Nicole98
briannaanderson11@yahoo.com,@Brianna53
laurenjohnson69@icloud.com,@Lauren22
laurenhart47@yahoo.com,@Lauren86
jessicabrown83@icloud.com,@Jessica42
tiffanymarsh50@gmail.com,@Tiffany32
kathleennguyen43@icloud.com,@Kathleen61
melanieholt25@gmail.com,@Melanie25
maryrodgers56@yahoo.com,@Mary94
melissacook80@gmail.com,@Melissa10
tiffanydavis72@icloud.com,@Tiffany91
bethanyfernandez46@gmail.com,@Bethany62
brianaanderson98@gmail.com,@Briana28
ashleylong83@icloud.com,@Ashley74
ebonydowns99@icloud.com,@Ebony75
marybrady4@gmail.com,@Mary25
laurenphd48@gmail.com,@Lauren28
nicolehall68@icloud.com,@Nicole27
melissathompson69@icloud.com,@Melissa67
candiceramos45@gmail.com,@Candice30
ambermitchell79@yahoo.com,@Amber60
kellywilkins58@icloud.com,@Kelly25
angelapayne26@gmail.com,@Angela12
jessicaschultz81@yahoo.com,@Jessica31
kimlong47@outlook.com,@Kim9
katherinesmith18@gmail.com,@Katherine8
shannonmartinez26@outlook.com,@Shannon39
amandawilliams62@gmail.com,@Amanda43
rebeccahayes46@gmail.com,@Rebecca7
tracyreyes93@outlook.com,@Tracy22
rachelbaker23@gmail.com,@Rachel40
lisahenry63@outlook.com,@Lisa57
abigaildean11@icloud.com,@Abigail100
virginiacole39@outlook.com,@Virginia51
stephaniemonroe60@yahoo.com,@Stephanie62
kristyhall34@gmail.com,@Kristy27
tiffanyhopkins84@icloud.com,@Tiffany60
mirandasheppard79@outlook.com,@Miranda74
wendyroberts90@gmail.com,@Wendy66
lindaavery58@outlook.com,@Linda58
stephanieevans8@outlook.com,@Stephanie89
jenniferhodges92@yahoo.com,@Jennifer80
rachelaguirre51@outlook.com,@Rachel7
amandajones57@icloud.com,@Amanda7
samanthawong56@yahoo.com,@Samantha73
brandydds75@gmail.com,@Brandy10
catherineflores16@icloud.com,@Catherine86
vanessabaker27@gmail.com,@Vanessa50
susanharper46@icloud.com,@Susan9
ashleyfloyd28@gmail.com,@Ashley32
colleendavis61@gmail.com,@Colleen24
jenniferatkinson61@gmail.com,@Jennifer76
elizabethwatson55@gmail.com,@Elizabeth46
christinacombs58@yahoo.com,@Christina63
laurenmarquez59@icloud.com,@Lauren94
amyjones14@outlook.com,@Amy88
robinmckenzie96@gmail.com,@Robin14
kathleenwilson18@outlook.com,@Kathleen91
juliemckinney34@gmail.com,@Julie11
lisacarroll40@gmail.com,@Lisa78
kristataylor60@outlook.com,@Krista61
shelleybright75@gmail.com,@Shelley1
taylorchang4@yahoo.com,@Taylor6
sharonfisher23@icloud.com,@Sharon15
melissaclark45@yahoo.com,@Melissa32
francesjones2@icloud.com,@Frances29
desireecruz100@outlook.com,@Desiree76
staceypierce86@outlook.com,@Stacey3
tinaalvarado20@outlook.com,@Tina89
nicolemoore93@yahoo.com,@Nicole94
kellyalvarez34@yahoo.com,@Kelly81
brittneythomas47@outlook.com,@Brittney36
nicolegriffin75@gmail.com,@Nicole94
amyhutchinson77@icloud.com,@Amy9
valeriesmith98@icloud.com,@Valerie29
andreaparker55@gmail.com,@Andrea83
lauracampbell19@outlook.com,@Laura91
christineclarke18@icloud.com,@Christine85
kellysimmons4@gmail.com,@Kelly83
cheryldavies26@icloud.com,@Cheryl86
michelemiller21@icloud.com,@Michele30
deborahbates4@icloud.com,@Deborah66
shannonyoung89@yahoo.com,@Shannon35
feliciajones35@gmail.com,@Felicia45
jessicagonzalez40@icloud.com,@Jessica61
brittanyhernandez56@icloud.com,@Brittany41
carlyherrera75@icloud.com,@Carly13
joypollard14@outlook.com,@Joy6
samanthabenton51@outlook.com,@Samantha50
danaknox59@gmail.com,@Dana91
annarobles82@icloud.com,@Anna17
lindayoung91@gmail.com,@Linda57
lisadds8@yahoo.com,@Lisa35
tracidelacruz36@outlook.com,@Traci23
catherinehamilton26@icloud.com,@Catherine91
tanyafisher73@yahoo.com,@Tanya18
lindacharles50@gmail.com,@Linda51
katieponce2@yahoo.com,@Katie23
yolandawillis91@outlook.com,@Yolanda37
lisaford17@yahoo.com,@Lisa99
katiegarcia100@outlook.com,@Katie16
erinbennett87@yahoo.com,@Erin96
rhondagallegos84@yahoo.com,@Rhonda35
missdelacruz5@icloud.com,@Miss94
jennifermaldonado95@yahoo.com,@Jennifer26
donnaschneider59@yahoo.com,@Donna65
maryjohnson60@yahoo.com,@Mary66
jacquelinedawson100@yahoo.com,@Jacqueline73
kellygriffith32@icloud.com,@Kelly12
kellywilliams62@icloud.com,@Kelly51
lorigutierrez47@icloud.com,@Lori6
deannabyrd87@icloud.com,@Deanna43
shelleymoore52@gmail.com,@Shelley14
faithjoseph52@yahoo.com,@Faith29
jessicagarcia35@icloud.com,@Jessica50
reneeatkinson61@gmail.com,@Renee60
stacykeith58@icloud.com,@Stacy12
tracyfranklin55@gmail.com,@Tracy100
shelbybrown78@icloud.com,@Shelby4
jocelynpadilla37@gmail.com,@Jocelyn93
teresaprice27@icloud.com,@Teresa92
kimberlydixon93@gmail.com,@Kimberly30
jessicavasquez64@outlook.com,@Jessica69
annagrant37@outlook.com,@Anna43
donnaholmes98@yahoo.com,@Donna25
cindyrodriguez74@icloud.com,@Cindy34
jenniferrodriguez62@outlook.com,@Jennifer53
rebeccapeters58@gmail.com,@Rebecca38
jenniferramirez5@icloud.com,@Jennifer16
heatherburns86@yahoo.com,@Heather10
eileenfields52@icloud.com,@Eileen48
carolinebarrera18@icloud.com,@Caroline57
jacquelinemartinez14@yahoo.com,@Jacqueline4
reginagrimes85@icloud.com,@Regina81
kellydds88@icloud.com,@Kelly4
lauracarpenter31@gmail.com,@Laura96
cassandramontes60@outlook.com,@Cassandra86
jamiemoran45@outlook.com,@Jamie67
suzanneperry35@yahoo.com,@Suzanne55
michellebailey58@gmail.com,@Michelle86
crystalchen40@outlook.com,@Crystal29
stephaniethompson94@outlook.com,@Stephanie95
jennajimenez62@yahoo.com,@Jenna99
kimberlytate78@yahoo.com,@Kimberly93
juliehuber45@icloud.com,@Julie33
rachaelconway10@outlook.com,@Rachael54
stephaniefletcher78@outlook.com,@Stephanie1
jenniferrobinson22@gmail.com,@Jennifer19
christinadrake32@yahoo.com,@Christina50
bonnieramirez4@icloud.com,@Bonnie90
sandraphillips10@gmail.com,@Sandra4
katienguyen91@outlook.com,@Katie89
patriciamiller88@gmail.com,@Patricia16
teresacline50@outlook.com,@Teresa85
kathleenmiller54@gmail.com,@Kathleen12
abigailgarza18@icloud.com,@Abigail78
christinemassey84@gmail.com,@Christine53
kathleenreynolds10@yahoo.com,@Kathleen62
dianerodriguez68@icloud.com,@Diane24
deboraholiver61@icloud.com,@Deborah78
jessicamurray40@icloud.com,@Jessica91
jenniferedwards92@outlook.com,@Jennifer56
mirandabecker60@gmail.com,@Miranda96
lesliewyatt56@outlook.com,@Leslie73
cherylduncan21@outlook.com,@Cheryl72
karensantos16@outlook.com,@Karen82
sherrykeith27@yahoo.com,@Sherry36
traceychurch83@icloud.com,@Tracey5
ashleyarnold94@gmail.com,@Ashley22
theresamorales27@yahoo.com,@Theresa61
kimberlyburns57@yahoo.com,@Kimberly44
tanyalopez21@outlook.com,@Tanya80
tonyahernandez16@icloud.com,@Tonya94
deannapittman8@outlook.com,@Deanna76
wendyharrington35@icloud.com,@Wendy5
aprilmorris2@gmail.com,@April30
debbiecrane35@yahoo.com,@Debbie38
christychen46@gmail.com,@Christy49
cynthiathompson93@outlook.com,@Cynthia27
shellygreen24@gmail.com,@Shelly75
jessicanorton80@icloud.com,@Jessica29
kathleenarroyo52@yahoo.com,@Kathleen8
daisywarren45@outlook.com,@Daisy14
heatherkim72@outlook.com,@Heather35
dr.pratt78@gmail.com,@Dr.55
maryholland90@yahoo.com,@Mary79
lindsaysmith35@outlook.com,@Lindsay89
megancontreras10@gmail.com,@Megan62
sarahbrady86@gmail.com,@Sarah70
brittanyjohnson1@gmail.com,@Brittany3
ashleybaldwin42@gmail.com,@Ashley74
maryboyd4@icloud.com,@Mary61
mandywilkins76@gmail.com,@Mandy56
heatherpennington89@icloud.com,@Heather29
sarahchavez8@outlook.com,@Sarah41
vickiekelly83@outlook.com,@Vickie55
meganrivera34@outlook.com,@Megan57
jadewright85@outlook.com,@Jade60
stephaniegarcia57@yahoo.com,@Stephanie62
tanyahenry64@yahoo.com,@Tanya62
amandalynch16@icloud.com,@Amanda17
christinathomas49@yahoo.com,@Christina72
kimberlyroberts46@gmail.com,@Kimberly2
heatherreeves5@outlook.com,@Heather78
mistybaker30@outlook.com,@Misty78
mrs.md58@icloud.com,@Mrs.71
staceycohen9@gmail.com,@Stacey14
brittanylopez79@outlook.com,@Brittany49
stephaniehill57@yahoo.com,@Stephanie29
bridgetweiss71@gmail.com,@Bridget80
amywright46@yahoo.com,@Amy82
mariadeleon97@gmail.com,@Maria27
sandragonzalez85@outlook.com,@Sandra43
jessicahamilton79@icloud.com,@Jessica37
kathleenmd3@gmail.com,@Kathleen28
chelseamercer27@outlook.com,@Chelsea38
christinamason19@gmail.com,@Christina82
monicaruiz80@icloud.com,@Monica66
rachelgreen79@icloud.com,@Rachel21
angelajames18@yahoo.com,@Angela67
carolynalvarez38@icloud.com,@Carolyn31
angelicamartinez16@icloud.com,@Angelica70
donnawashington91@yahoo.com,@Donna65
jenniferryan95@yahoo.com,@Jennifer46
katherinemd37@icloud.com,@Katherine78
normanelson1@outlook.com,@Norma37
marynguyen83@outlook.com,@Mary15
caitlinfox40@outlook.com,@Caitlin47
mariahoward16@outlook.com,@Maria82
oliviabarton8@icloud.com,@Olivia90
virginiayoder42@outlook.com,@Virginia67
donnabailey94@gmail.com,@Donna91
lisapeck91@gmail.com,@Lisa24
charlottepadilla31@gmail.com,@Charlotte57
pamelamcdonald48@icloud.com,@Pamela67
briannagould85@icloud.com,@Brianna87
cynthiasanders76@yahoo.com,@Cynthia7
jenniferclark24@icloud.com,@Jennifer26
nicoleshepherd29@icloud.com,@Nicole2
lorraineallen23@outlook.com,@Lorraine5
rebekahcollins34@icloud.com,@Rebekah29
theresaduke14@outlook.com,@Theresa36
monicaward50@outlook.com,@Monica59
rebeccagarcia24@icloud.com,@Rebecca18
jocelynstein29@yahoo.com,@Jocelyn82
melaniegutierrez67@outlook.com,@Melanie97
missmartinez7@yahoo.com,@Miss98
ashleylong21@gmail.com,@Ashley73
susansimpson92@outlook.com,@Susan74
lisaholder68@icloud.com,@Lisa76
angelareynolds82@icloud.com,@Angela1
gabriellawilliams85@gmail.com,@Gabriella33
whitneybrown34@icloud.com,@Whitney8
kaylafuentes36@gmail.com,@Kayla3
melindalewis65@outlook.com,@Melinda31
jeanwilson27@gmail.com,@Jean64
anitagonzalez35@icloud.com,@Anita11
angelarobertson41@gmail.com,@Angela72
amandasimpson55@icloud.com,@Amanda22
lindaharris74@icloud.com,@Linda24
aprilfox82@outlook.com,@April36
marygomez64@icloud.com,@Mary22
caitlincline70@yahoo.com,@Caitlin20
maryward9@icloud.com,@Mary45
katherinegreen69@outlook.com,@Katherine90
heidisummers12@outlook.com,@Heidi66
daniellecox52@outlook.com,@Danielle39
crystalanderson72@outlook.com,@Crystal31
emilywyatt69@yahoo.com,@Emily41
melanieallen10@yahoo.com,@Melanie66
morgansherman84@icloud.com,@Morgan1
michellewalls54@yahoo.com,@Michelle64
erinwillis12@gmail.com,@Erin20
kellyrobinson94@yahoo.com,@Kelly62
wendysmith14@outlook.com,@Wendy77
kathleenflores61@icloud.com,@Kathleen93
shannonreynolds67@outlook.com,@Shannon88
andreamanning64@icloud.com,@Andrea2
ashleyelliott67@icloud.com,@Ashley10
catherinegarcia13@icloud.com,@Catherine20
jessicawilson70@yahoo.com,@Jessica42
barbaralozano60@icloud.com,@Barbara11
mercedesbarron44@outlook.com,@Mercedes2
teresamoon62@outlook.com,@Teresa6
miawalker17@gmail.com,@Mia43
kaylacook32@outlook.com,@Kayla86
nancyortiz34@yahoo.com,@Nancy64
angelafranklin46@yahoo.com,@Angela73
morganhunter36@outlook.com,@Morgan32
cynthiasharp39@gmail.com,@Cynthia16
andreadelgado44@outlook.com,@Andrea25
marieknox29@yahoo.com,@Marie65
elizabethmd98@icloud.com,@Elizabeth45
tanyaclayton1@yahoo.com,@Tanya3
joannamartinez45@gmail.com,@Joanna8
suzannebryant77@icloud.com,@Suzanne8
pennyvazquez10@yahoo.com,@Penny88
amyburke59@gmail.com,@Amy37
donnareynolds6@gmail.com,@Donna92
jordanfreeman99@yahoo.com,@Jordan33
cherylnielsen77@gmail.com,@Cheryl8
marthapark17@gmail.com,@Martha72
laurachandler62@gmail.com,@Laura11
nicolediaz79@outlook.com,@Nicole97
sarawilliamson64@gmail.com,@Sara63
ericamurphy49@yahoo.com,@Erica33
lauramills92@yahoo.com,@Laura77
cherylmoore76@outlook.com,@Cheryl92
amberbrown67@yahoo.com,@Amber28
stephaniehill58@outlook.com,@Stephanie7
kristaedwards26@outlook.com,@Krista96
stephaniesosa99@gmail.com,@Stephanie87
sierrataylor61@outlook.com,@Sierra84
andreapeterson82@gmail.com,@Andrea40
heathermorris35@outlook.com,@Heather82
hannahsmith99@yahoo.com,@Hannah57
lisaallen12@yahoo.com,@Lisa76
jennifergarner36@outlook.com,@Jennifer4
jessicaalexander91@outlook.com,@Jessica45
sherryjohnson31@icloud.com,@Sherry63
rebeccaturner19@gmail.com,@Rebecca54
cynthiamd74@outlook.com,@Cynthia58
samanthawilliams90@gmail.com,@Samantha13
andreacollier30@icloud.com,@Andrea92
faithjones62@icloud.com,@Faith45
anashort42@outlook.com,@Ana83
barbararice34@gmail.com,@Barbara57
peggywilliams66@outlook.com,@Peggy69
nancyjones80@outlook.com,@Nancy8
jessicabaker88@gmail.com,@Jessica49
jodytrujillo52@yahoo.com,@Jody18
destinycollins24@gmail.com,@Destiny100
briannatorres91@gmail.com,@Brianna71
karaflores3@yahoo.com,@Kara46
mistyosborn50@gmail.com,@Misty97
amywolf16@yahoo.com,@Amy78
michelestewart29@outlook.com,@Michele70
gabrielleconway36@outlook.com,@Gabrielle4
barbarasutton89@icloud.com,@Barbara18
beckygutierrez57@icloud.com,@Becky100
carolbeasley61@icloud.com,@Carol45
christinavalencia37@yahoo.com,@Christina42
katelyndavidson18@yahoo.com,@Katelyn64
mrs.fields24@yahoo.com,@Mrs.34
valeriehinton87@outlook.com,@Valerie34
samanthabrooks43@gmail.com,@Samantha13
nataliecollins86@icloud.com,@Natalie60
mariasmith99@yahoo.com,@Maria56
elizabethlewis27@outlook.com,@Elizabeth38
sheilaweaver100@yahoo.com,@Sheila71
krystalchung84@icloud.com,@Krystal93
dr.carpenter23@gmail.com,@Dr.9
elizabethcarter94@yahoo.com,@Elizabeth55
melissathompson37@yahoo.com,@Melissa87
jennawashington67@yahoo.com,@Jenna61
ashleymd93@outlook.com,@Ashley28
kaitlynmckay77@icloud.com,@Kaitlyn39
melissahicks46@icloud.com,@Melissa68
kelseygallegos57@yahoo.com,@Kelsey24
mrs.phd21@outlook.com,@Mrs.38
daniellevasquez54@icloud.com,@Danielle91
sarahwarren89@yahoo.com,@Sarah25
cassandrahines77@gmail.com,@Cassandra86
jodidorsey10@outlook.com,@Jodi5
alexandradvm93@icloud.com,@Alexandra58
mrs.baxter25@gmail.com,@Mrs.6
andreahunter27@gmail.com,@Andrea91
angelicaromero23@icloud.com,@Angelica29
tracygallagher10@outlook.com,@Tracy85
rebeccamartinez38@outlook.com,@Rebecca33
elizabethwest93@outlook.com,@Elizabeth58
leahvargas84@icloud.com,@Leah81
nicoleedwards16@icloud.com,@Nicole80
katrinaanderson14@gmail.com,@Katrina24
mariemoore70@gmail.com,@Marie12
mrs.morris18@outlook.com,@Mrs.33
chloebutler27@yahoo.com,@Chloe95
kylietaylor89@gmail.com,@Kylie67
aliciabeck56@gmail.com,@Alicia32
deborahduffy5@icloud.com,@Deborah19
lorikramer39@outlook.com,@Lori9
amandapruitt48@icloud.com,@Amanda57
meghancox99@gmail.com,@Meghan60
jillmendez20@gmail.com,@Jill88
beverlytaylor8@icloud.com,@Beverly71
pamelaramirez97@yahoo.com,@Pamela7
jennifercopeland4@icloud.com,@Jennifer50
janegomez7@gmail.com,@Jane97
joannanicholson71@yahoo.com,@Joanna3
juliemendoza90@yahoo.com,@Julie38
terribrown47@gmail.com,@Terri20
emilycollier9@gmail.com,@Emily51
michellecaldwell88@outlook.com,@Michelle63
lauradavis64@gmail.com,@Laura14
mrs.schaefer4@outlook.com,@Mrs.59
mariawilliams16@icloud.com,@Maria29
amylawson92@icloud.com,@Amy95
michellelong63@icloud.com,@Michelle27
tanyamiles51@outlook.com,@Tanya53
melindahoward26@icloud.com,@Melinda14
melaniedickerson88@gmail.com,@Melanie25
cindykrueger100@yahoo.com,@Cindy4
sarahbenton23@gmail.com,@Sarah25
taraallen76@yahoo.com,@Tara28
shannonarellano85@outlook.com,@Shannon93
jessicajackson6@icloud.com,@Jessica38
nicolekrause48@gmail.com,@Nicole52
maryvasquez61@yahoo.com,@Mary25
jamiewillis22@icloud.com,@Jamie3
sandrazhang4@gmail.com,@Sandra11
brendamercer47@yahoo.com,@Brenda75
aprilmendoza74@outlook.com,@April5
amymcfarland41@outlook.com,@Amy58
patriciagonzalez39@icloud.com,@Patricia50
pamelawarner4@yahoo.com,@Pamela74
mrs.allen93@yahoo.com,@Mrs.78
cheryllin44@outlook.com,@Cheryl25
sharonblake33@outlook.com,@Sharon15
mariasnyder73@icloud.com,@Maria65
arianadavis65@icloud.com,@Ariana74
ashleybennett39@icloud.com,@Ashley22
susanmurphy34@outlook.com,@Susan31
lauragreen7@outlook.com,@Laura80
chelseyreynolds51@icloud.com,@Chelsey10
selenamorgan42@outlook.com,@Selena71
lynncurry64@gmail.com,@Lynn82
carolmathews90@outlook.com,@Carol10
ms.guzman86@outlook.com,@Ms.28
chelseamitchell5@yahoo.com,@Chelsea73
robinchen46@gmail.com,@Robin77
sabrinarose61@yahoo.com,@Sabrina48
shannonhall93@outlook.com,@Shannon53
dianastanley87@outlook.com,@Diana88
kimberlyconner95@yahoo.com,@Kimberly49
kimberlysimon2@icloud.com,@Kimberly38
cherylcoleman33@outlook.com,@Cheryl65
carriecobb34@gmail.com,@Carrie2
kathleenmd23@icloud.com,@Kathleen57
patriciajames59@gmail.com,@Patricia1
sarahwright7@gmail.com,@Sarah22
aprillam93@yahoo.com,@April53
rebeccacooper29@outlook.com,@Rebecca35
jenniferrodgers53@outlook.com,@Jennifer96
dawnatkins73@icloud.com,@Dawn2
destinyclark23@yahoo.com,@Destiny79
christinakrueger70@icloud.com,@Christina20
jennifersmith68@gmail.com,@Jennifer21
barbararush85@outlook.com,@Barbara28
barbaraadkins45@yahoo.com,@Barbara90
aprilwaller63@gmail.com,@April68
lisamorris58@gmail.com,@Lisa34
taylorhall59@outlook.com,@Taylor65
kristenglover9@outlook.com,@Kristen24
cindygarcia35@yahoo.com,@Cindy66
haileymoody65@icloud.com,@Hailey3
nicolegraves69@yahoo.com,@Nicole12
tamaraadams5@gmail.com,@Tamara81
christinahunter29@outlook.com,@Christina69
jessicagreene59@yahoo.com,@Jessica12
amyflores61@gmail.com,@Amy100
jillmartinez78@yahoo.com,@Jill73
kellyrodriguez16@gmail.com,@Kelly74
daniellestafford34@outlook.com,@Danielle26
elizabethmoore66@yahoo.com,@Elizabeth59
dianawiley59@outlook.com,@Diana67
autumnkim87@gmail.com,@Autumn65
monicabrown49@yahoo.com,@Monica71
destinyshaffer53@icloud.com,@Destiny56
monicabolton21@gmail.com,@Monica69
amandabeard34@icloud.com,@Amanda12
jenniferwilliams94@yahoo.com,@Jennifer7
lindacox23@icloud.com,@Linda45
katieharrell66@yahoo.com,@Katie47
samanthareynolds72@gmail.com,@Samantha92
patriciacoleman18@yahoo.com,@Patricia57
