customerID,fulname,Gender,Nationality,DOB,password
PB-119101,Paige Bennett,Female,Ghana,1991-06-11,
MSH-030101,Mrs. Shannon Hill,Female,Aruba,2001-01-03,
CL-050401,Candice Lambert,Male,Turks and Caicos Islands,2004-09-05,
AS-189301,Amanda Smith,Male,Cayman Islands,1993-04-18,
KA-259401,Karen Adams,Female,Syrian Arab Republic,1994-02-25,
TC-259101,Tasha Chambers,Male,Trinidad and Tobago,1991-02-25,
DT-030001,Dana Turner,Male,Pitcairn,2000-07-03,
CN-019801,Carla Nolan,Male,Timor-Leste,1998-11-01,
MC-080301,Melissa Castro,Female,Guatemala,2003-09-08,
MNWM-090401,Mrs. Nina White MD,Female,Netherlands,2004-03-09,
TS-299701,Tamara Smith,Male,Luxembourg,1997-11-29,
AK-240001,Amy Kelly,Male,Sint Maarten (Dutch part),2000-10-24,
LC-279701,Laura Curry,Female,Tajikistan,1997-05-27,
CO-070201,Charlene Olson,Male,Turks and Caicos Islands,2002-05-07,
JR-030401,Jennifer Romero,Female,Anguilla,2004-08-03,
TA-269201,Tina Atkinson,Female,United Arab Emirates,1992-02-26,
TS-019101,Taylor Smith,Female,Iceland,1991-03-01,
TH-200001,Tara Howe,Female,Liechtenstein,2000-02-20,
EC-250001,Emily Clements,Male,Cyprus,2000-02-25,
BW-249901,Beverly Watts,Male,Estonia,1999-06-24,
CT-219701,Cynthia Torres,Female,Guam,1997-02-21,
JB-159201,Jean Barron,Male,"Korea, Democratic People's Republic of",1992-03-15,
LB-119801,Leah Bell,Female,Western Sahara,1998-11-11,
HD-289101,Heidi Davis,Female,"Korea, Democratic People's Republic of",1991-06-28,
NP-210201,Nicole Peterson,Female,Honduras,2002-04-21,
SC-209601,Sarah Clark,Female,French Polynesia,1996-12-20,
TW-199601,Tammy Wilkerson,Female,Bermuda,1996-06-19,
SW-170401,Stephanie Warner,Female,Antarctica,2004-10-17,
SL-149801,Stephanie Lutz,Male,"Korea, Democratic People's Republic of",1998-06-14,
EP-260001,Elizabeth Phillips,Male,Malta,2000-06-26,
SH-010101,Shawna Hernandez,Female,Sao Tome and Principe,2001-09-01,
KW-280201,Kelly Washington,Male,New Caledonia,2002-07-28,
JB-079801,Jennifer Brewer,Male,Slovakia,1998-08-07,
JM-169401,Jennifer Moran,Female,"Virgin Islands, British",1994-07-16,
CT-199301,Claudia Thomas,Male,Åland Islands,1993-10-19,
AC-319701,Angela Cook,Male,Kazakhstan,1997-07-31,
AK-170201,Ashley Knight,Male,Chad,2002-01-17,
JH-240401,Jessica Harper,Male,French Guiana,2004-02-24,
SA-109601,Sandra Anderson,Male,Western Sahara,1996-09-10,
AW-060001,Anne Watkins,Male,United Kingdom,2000-10-06,
JH-230201,Jill Hernandez,Female,Kazakhstan,2002-07-23,
AB-100301,Amy Bautista,Male,Guadeloupe,2003-03-10,
AL-059901,Alexis Lindsey,Male,Malta,1999-11-05,
SO-300101,Stephanie Osborne,Female,Kenya,2001-08-30,
SC-089501,Sarah Chavez,Male,Uzbekistan,1995-03-08,
PH-139901,Patty Hood,Female,United States,1999-04-13,
KS-270201,Kelsey Smith,Female,Martinique,2002-08-27,
JO-270001,Jessica Olson,Female,Northern Mariana Islands,2000-07-27,
MM-149301,Monica Moore,Female,Guernsey,1993-06-14,
JC-269501,Jacqueline Cruz,Female,Wallis and Futuna,1995-01-26,
NG-070301,Nancy Gonzalez,Female,Myanmar,2003-09-07,
CH-059801,Carmen Harmon,Female,British Indian Ocean Territory,1998-05-05,
KL-040001,Kristin Lowery,Male,Bosnia and Herzegovina,2000-12-04,
DCM-050201,Diana Cantu MD,Male,Sweden,2002-05-05,
CS-189301,Colleen Santiago,Female,Azerbaijan,1993-07-18,
CS-130001,Casey Smith,Male,Cameroon,2000-03-13,
JP-090301,Jordan Perry,Female,"Korea, Republic of",2003-11-09,
RR-169701,Rebecca Rodriguez,Male,Marshall Islands,1997-04-16,
AO-179701,Alexandra Odonnell,Male,Algeria,1997-05-17,
SR-169201,Shannon Roach,Male,Switzerland,1992-04-16,
EW-050201,Emily Wagner,Female,Djibouti,2002-02-05,
SM-129201,Stephanie Mitchell,Male,Antigua and Barbuda,1992-08-12,
MC-260001,Megan Cox,Male,Kiribati,2000-09-26,
ST-269801,Sierra Trujillo,Female,Ukraine,1998-03-26,
SW-049601,Stacey Warner,Female,Cayman Islands,1996-06-04,
JC-219301,Judith Cook,Female,Malta,1993-08-21,
KS-309301,Kayla Sanchez,Female,"Bolivia, Plurinational State of",1993-12-30,
MH-210001,Mary Haas,Female,South Georgia and the South Sandwich Islands,2000-03-21,
ME-059601,Melissa Estrada,Female,Saudi Arabia,1996-07-05,
KS-240101,Kimberly Scott,Female,Eritrea,2001-01-24,
JA-039101,Joanne Andersen,Male,Seychelles,1991-12-03,
NG-090201,Nicole Gonzalez,Male,Slovakia,2002-06-09,
AM-189701,Amanda Mueller,Male,Andorra,1997-09-18,
AW-160301,Alicia Walters,Male,Bouvet Island,2003-12-16,
CO-170201,Christine Olsen,Male,Kyrgyzstan,2002-01-17,
LT-079501,Laurie Taylor,Male,Bahrain,1995-08-07,
LW-060301,Lori Walker,Female,Bangladesh,2003-01-06,
NF-299701,Nancy Fisher,Male,Afghanistan,1997-08-29,
TC-039101,Tiffany Castillo,Male,Martinique,1991-09-03,
SRP-289301,Sarah Richard PhD,Female,Kyrgyzstan,1993-02-28,
CH-049301,Caitlin Hughes,Male,Maldives,1993-06-04,
LM-259401,Lindsay Miller,Female,Estonia,1994-11-25,
LR-010201,Laura Rush,Female,United Arab Emirates,2002-06-01,
DR-030401,Donna Richardson,Male,French Southern Territories,2004-10-03,
KJ-070201,Karen Jensen,Male,Slovenia,2002-03-07,
LR-229901,Lisa Rodgers,Female,Northern Mariana Islands,1999-03-22,
VF-170301,Victoria Fisher,Male,Croatia,2003-03-17,
NC-150101,Nancy Carter,Female,Niger,2001-04-15,
AT-269201,Alyssa Thompson,Male,American Samoa,1992-07-26,
AP-289501,Ashley Pennington,Female,Martinique,1995-08-28,
MS-300201,Mary Stein,Male,Iraq,2002-01-30,
JP-160201,Jennifer Patel,Female,Timor-Leste,2002-04-16,
RG-269901,Rose Gutierrez,Female,Indonesia,1999-11-26,
CD-170101,Cheryl Dawson,Male,Philippines,2001-01-17,
MM-239101,Mckenzie Morgan,Female,Falkland Islands (Malvinas),1991-01-23,
AL-209701,Andrea Le,Female,Lesotho,1997-05-20,
AG-060401,Amy Gilbert,Male,Nauru,2004-01-06,
KB-069701,Kristina Baker,Female,Hong Kong,1997-02-06,
TR-279101,Tina Rhodes,Female,Macao,1991-09-27,
TH-280001,Tara Henderson,Female,Poland,2000-04-28,
EN-049501,Erica Norton,Male,Bahamas,1995-04-04,
RB-269201,Renee Browning,Female,Egypt,1992-02-26,
MA-019101,Meghan Adams,Female,Somalia,1991-10-01,
BL-179301,Brittany Lee,Male,Tunisia,1993-09-17,
AM-089401,Angela Moore,Male,Kazakhstan,1994-06-08,
AP-240201,Alexandria Price,Male,Greenland,2002-03-24,
BS-220001,Brittany Simon,Male,Saint Pierre and Miquelon,2000-03-22,
AS-189201,Amy Schwartz,Female,Gabon,1992-01-18,
LW-250001,Lisa Wells,Female,Mayotte,2000-07-25,
SP-179701,Susan Parrish,Male,Somalia,1997-03-17,
SR-160301,Stacey Reyes,Male,Palau,2003-02-16,
BK-039501,Brianna Knapp,Female,United Arab Emirates,1995-09-03,
MA-059401,Michelle Anderson,Male,Tokelau,1994-10-05,
NM-149801,Nicole Melendez,Female,Latvia,1998-02-14,
AW-230101,Anna Williams,Male,French Southern Territories,2001-12-23,
JH-120401,Jennifer Hall,Female,Lithuania,2004-10-12,
CS-129901,Christina Stevenson,Male,Mongolia,1999-12-12,
EP-129801,Emily Patel,Female,Somalia,1998-10-12,
KM-069201,Kaitlyn Mckee,Female,Spain,1992-11-06,
PT-269701,Patricia Thompson,Female,Sint Maarten (Dutch part),1997-08-26,
CC-089701,Christina Cordova,Female,Haiti,1997-08-08,
KZ-269601,Kimberly Zhang,Female,Bermuda,1996-09-26,
ED-240101,Emily Davila,Female,Cocos (Keeling) Islands,2001-04-24,
RH-309801,Rachel Harris,Female,Philippines,1998-08-30,
JB-259701,Jennifer Brennan,Male,Indonesia,1997-03-25,
DH-229801,Deanna Hobbs,Female,Finland,1998-05-22,
LR-199201,Lisa Ramos,Female,Bahrain,1992-10-19,
AW-099501,Alyssa Wells,Male,New Zealand,1995-08-09,
VW-039701,Vickie Wang,Female,Georgia,1997-07-03,
AA-230101,April Aguilar,Female,Azerbaijan,2001-02-23,
DP-309101,Debra Park,Male,Saint Martin (French part),1991-06-30,
BF-280301,Brenda Flores,Male,Lesotho,2003-08-28,
AP-139701,Alicia Powell,Male,Belgium,1997-02-13,
KP-089401,Karen Pennington,Male,Mexico,1994-10-08,
LB-139401,Laura Berg,Male,Burkina Faso,1994-03-13,
SM-059601,Susan Mccoy,Female,"Venezuela, Bolivarian Republic of",1996-04-05,
JN-109601,Joann Newman,Female,Chile,1996-09-10,
NN-210401,Nancy Nelson,Male,Mauritania,2004-08-21,
MC-139301,Marie Castillo,Female,Guadeloupe,1993-12-13,
AR-280201,Amy Rowe,Male,Switzerland,2002-11-28,
RPM-069501,Rachael Pierce MD,Female,Colombia,1995-05-06,
ER-049801,Elizabeth Ryan,Male,South Africa,1998-01-04,
KE-049601,Kimberly Edwards,Female,Réunion,1996-03-04,
JW-100301,Jenny Woods,Male,Hong Kong,2003-07-10,
NJ-269401,Natasha Johnson,Male,Maldives,1994-04-26,
MM-109201,Melissa Mckenzie,Male,Viet Nam,1992-03-10,
KC-049301,Kimberly Campbell,Male,Mexico,1993-12-04,
CR-280401,Cassandra Roach,Female,Timor-Leste,2004-02-28,
JS-069301,Jacqueline Smith,Female,Zimbabwe,1993-05-06,
LD-160201,Lindsey Dunlap,Female,Finland,2002-06-16,
BR-240101,Barbara Ramos,Female,Guam,2001-04-24,
AR-109401,Amanda Ramirez,Male,Papua New Guinea,1994-11-10,
AH-210201,Amanda Higgins,Female,"Palestine, State of",2002-05-21,
KW-099801,Karina Walker,Male,Panama,1998-06-09,
CG-080001,Christine Green,Male,Latvia,2000-12-08,
AL-189201,Ashley Lopez,Male,Burkina Faso,1992-04-18,
BM-049101,Brittany Morrison,Male,Tunisia,1991-09-04,
VN-089801,Victoria Norton,Female,Finland,1998-05-08,
CR-059901,Connie Riley,Male,Mongolia,1999-04-05,
BT-110201,Brenda Thompson,Female,Malaysia,2002-02-11,
JJ-020201,Jennifer Jones,Female,Panama,2002-03-02,
EB-139701,Erin Barron,Female,Georgia,1997-10-13,
KH-079501,Katrina Hartman,Male,"Saint Helena, Ascension and Tristan da Cunha",1995-04-07,
LS-129601,Lisa Shaw,Male,Suriname,1996-05-12,
LP-259801,Laura Pacheco,Female,Guyana,1998-03-25,
KB-239701,Katherine Bray,Male,Lao People's Democratic Republic,1997-12-23,
AM-300001,Angel Martin,Male,Czechia,2000-01-30,
CK-020001,Crystal Kemp,Female,Rwanda,2000-06-02,
CB-159401,Colleen Booker,Male,Montserrat,1994-08-15,
CS-229501,Christina Sims,Male,"Micronesia, Federated States of",1995-08-22,
DS-069801,Denise Stewart,Male,Norway,1998-01-06,
AM-110001,Ashley Meyer,Male,New Caledonia,2000-05-11,
KL-109301,Krystal Lozano,Male,Réunion,1993-12-10,
ES-190201,Emily Scott,Male,Guyana,2002-04-19,
MK-199301,Michaela King,Male,Niger,1993-02-19,
JM-059501,Julie Morales,Female,Zimbabwe,1995-02-05,
SB-269201,Stephanie Barnes,Male,"Micronesia, Federated States of",1992-05-26,
JR-160301,Jennifer Romero,Male,Lao People's Democratic Republic,2003-03-16,
HW-149501,Holly White,Female,Sao Tome and Principe,1995-10-14,
CH-079601,Carrie Hunter,Male,Botswana,1996-01-07,
TZ-149901,Tina Zimmerman,Male,Heard Island and McDonald Islands,1999-05-14,
JW-169601,Jasmine Williams,Female,South Africa,1996-01-16,
CHM-250401,Christina Hill MD,Female,Curaçao,2004-03-25,
LC-070201,Laura Cook,Female,Guadeloupe,2002-03-07,
SM-110401,Stacie Martin,Female,Norfolk Island,2004-07-11,
JJ-059401,Jessica Johnson,Male,Iraq,1994-04-05,
PP-140301,Pamela Payne,Female,Togo,2003-07-14,
KH-279501,Katrina Hall,Male,Malawi,1995-03-27,
KS-159201,Kristin Sanchez,Female,Solomon Islands,1992-02-15,
AB-229201,Amanda Brown,Female,United Arab Emirates,1992-05-22,
JB-159701,Jamie Bailey,Female,Viet Nam,1997-10-15,
BM-249901,Brooke Murphy,Male,Iraq,1999-08-24,
MP-219601,Melissa Perez,Male,Djibouti,1996-08-21,
CA-019101,Carrie Adams,Female,Guinea,1991-07-01,
TG-229501,Tara Garcia,Female,Tokelau,1995-02-22,
AS-049901,Amy Small,Male,Italy,1999-07-04,
JT-279301,Jennifer Torres,Male,Hong Kong,1993-02-27,
EG-059601,Emily Gamble,Male,Tunisia,1996-01-05,
PR-140101,Patricia Riley,Female,Kiribati,2001-10-14,
PF-299401,Paula Farmer,Male,Vanuatu,1994-01-29,
JE-110201,Jessica Esparza,Female,Latvia,2002-11-11,
JP-249601,Jessica Porter,Female,Hungary,1996-07-24,
MC-010101,Margaret Carter,Male,Myanmar,2001-09-01,
KT-080001,Katie Tanner,Female,Northern Mariana Islands,2000-07-08,
MP-160001,Melissa Payne,Female,Western Sahara,2000-02-16,
AH-069501,Amy Herrera,Female,Monaco,1995-10-06,
EB-259101,Emily Beck,Female,Poland,1991-02-25,
CBD-070301,Christina Brown DVM,Female,Aruba,2003-10-07,
LB-019901,Lauren Benson,Female,Christmas Island,1999-08-01,
NH-169101,Norma Howell,Female,South Sudan,1991-01-16,
MB-189801,Mary Benson,Female,Qatar,1998-01-18,
AS-100101,Amber Stewart,Male,Réunion,2001-04-10,
AT-080401,Alicia Thomas,Male,British Indian Ocean Territory,2004-12-08,
SL-070101,Stephanie Lewis,Female,Austria,2001-05-07,
DB-119501,Dana Brown,Female,Bosnia and Herzegovina,1995-01-11,
BH-049401,Brittany Harrison,Female,Uzbekistan,1994-11-04,
EB-039401,Elizabeth Burns,Male,Norfolk Island,1994-10-03,
AJ-110001,Amanda Johnson,Female,Kenya,2000-12-11,
CS-319101,Crystal Smith,Male,Viet Nam,1991-10-31,
KS-069301,Kimberly Smith,Female,Benin,1993-03-06,
AJ-269501,Ashley Jones,Male,Jersey,1995-02-26,
KT-129801,Kendra Taylor,Female,Dominican Republic,1998-07-12,
SV-109101,Sandy Vazquez,Female,Mozambique,1991-03-10,
KS-029501,Kelli Scott,Male,Réunion,1995-07-02,
RR-150101,Ruth Ramos,Female,Isle of Man,2001-06-15,
ED-280301,Elizabeth Diaz,Female,Togo,2003-11-28,
PP-099601,Paige Perkins,Female,Suriname,1996-05-09,
AW-149801,Angela Walker,Female,Saint Martin (French part),1998-05-14,
SB-220101,Sabrina Bowman,Female,Switzerland,2001-11-22,
AR-109701,Amy Rodriguez,Male,Norfolk Island,1997-07-10,
SC-110101,Sara Chan,Female,Botswana,2001-03-11,
MB-229601,Mary Brown,Female,Ethiopia,1996-03-22,
JF-019801,Jessica Frye,Female,Macao,1998-04-01,
KM-319801,Kristin Moses,Female,Burkina Faso,1998-05-31,
DJ-289401,Dana Johnson,Female,Åland Islands,1994-02-28,
MM-069101,Michelle Mason,Male,United States Minor Outlying Islands,1991-11-06,
DS-070201,Dana Smith,Male,Côte d'Ivoire,2002-04-07,
MG-059501,Maria George,Male,Benin,1995-12-05,
TH-270101,Tina Hale,Male,Botswana,2001-01-27,
TK-070101,Tara Kennedy,Male,Mozambique,2001-04-07,
SR-099701,Sandra Ramsey,Male,Indonesia,1997-09-09,
MG-089301,Mary Greene,Male,Afghanistan,1993-06-08,
KP-189101,Kathy Pena,Male,"Virgin Islands, U.S.",1991-01-18,
AM-040401,Ashley Miller,Male,Portugal,2004-06-04,
AL-169501,Angela Lucas,Female,Dominican Republic,1995-12-16,
LF-029201,Lisa Fitzpatrick,Male,Luxembourg,1992-07-02,
CL-140201,Cindy Lambert,Male,Greece,2002-04-14,
MB-120201,Misty Ballard,Female,Morocco,2002-03-12,
HS-189101,Haley Smith,Male,Colombia,1991-02-18,
SJ-129201,Stephanie Jackson,Male,Colombia,1992-04-12,
TC-250401,Tammy Coffey,Female,Ireland,2004-03-25,
KH-210401,Kimberly Hart,Male,Peru,2004-08-21,
CS-080301,Courtney Stewart,Male,Cameroon,2003-02-08,
CC-309901,Cheryl Carter,Male,"Iran, Islamic Republic of",1999-05-30,
DF-209201,Dawn Fritz,Female,Haiti,1992-06-20,
FS-219801,Felicia Smith,Female,Rwanda,1998-04-21,
RW-170401,Robin Wilcox,Female,United States,2004-07-17,
AM-310301,Amanda Martinez,Male,Belgium,2003-03-31,
AS-239801,Ashley Soto,Male,Puerto Rico,1998-11-23,
CV-139401,Carla Vasquez,Female,Afghanistan,1994-11-13,
CB-220201,Caitlin Brown,Female,Bahrain,2002-05-22,
AO-039201,Alexa Olsen,Male,"Venezuela, Bolivarian Republic of",1992-07-03,
SY-219301,Stacy Young,Female,Côte d'Ivoire,1993-12-21,
MS-219101,Margaret Schneider,Male,Svalbard and Jan Mayen,1991-05-21,
SM-279301,Stephanie Murray,Male,Saint Martin (French part),1993-07-27,
MM-310201,Megan Martinez,Male,New Caledonia,2002-08-31,
AW-159601,Amanda Woods,Female,Bahamas,1996-02-15,
AC-220101,Allison Campbell,Male,Saudi Arabia,2001-12-22,
MS-049801,Melanie Sims,Male,Liechtenstein,1998-09-04,
JM-169201,Joy Martinez,Female,Aruba,1992-06-16,
TC-169901,Tina Cox,Male,Oman,1999-04-16,
LJ-270001,Laurie Jones,Male,"Taiwan, Province of China",2000-07-27,
HS-169601,Heather Salazar,Male,Anguilla,1996-11-16,
JB-019201,Julie Brady,Male,Norfolk Island,1992-09-01,
MB-279201,Marilyn Baker,Female,Guadeloupe,1992-03-27,
BW-219501,Brittany Wallace,Male,Netherlands,1995-01-21,
SW-180401,Sheila Waters,Male,Canada,2004-03-18,
JB-140301,Julia Bishop,Male,Malawi,2003-05-14,
TA-050301,Tara Anderson,Male,Svalbard and Jan Mayen,2003-07-05,
PT-220301,Patricia Thompson,Male,Kuwait,2003-02-22,
JR-319201,Jaime Ruiz,Male,Comoros,1992-07-31,
HB-289801,Heather Brown,Male,Burkina Faso,1998-11-28,
TW-079901,Theresa Watson,Male,Kiribati,1999-04-07,
MR-110201,Melissa Rasmussen,Male,Montenegro,2002-09-11,
KH-309501,Kimberly Hall,Female,Mali,1995-05-30,
LD-150101,Lisa Diaz,Male,Romania,2001-10-15,
JS-289901,Jennifer Swanson,Female,South Sudan,1999-11-28,
SG-319401,Sarah Gonzales,Male,Turks and Caicos Islands,1994-10-31,
VH-199601,Valerie Hobbs,Female,Lithuania,1996-05-19,
SH-109101,Sarah Hart,Male,Nauru,1991-01-10,
JP-089701,Jennifer Pham,Male,Western Sahara,1997-04-08,
JS-219401,Jessica Stephens,Female,Gambia,1994-05-21,
JH-019901,Julie Holmes,Female,Maldives,1999-03-01,
AB-119701,Allison Blankenship,Female,Angola,1997-01-11,
TR-079701,Theresa Ryan,Female,Tonga,1997-09-07,
MP-109701,Megan Peterson,Female,Nicaragua,1997-02-10,
DT-219701,Debra Tucker,Female,El Salvador,1997-06-21,
KL-220201,Kathryn Lewis,Female,New Caledonia,2002-12-22,
MS-299601,Miranda Smith,Male,Cambodia,1996-11-29,
AGD-049201,Alicia Gutierrez DVM,Female,Colombia,1992-03-04,
ES-160401,Elizabeth Sullivan,Female,Eswatini,2004-07-16,
TS-210401,Taylor Stevenson,Female,Thailand,2004-01-21,
DC-149801,Diane Cherry,Male,Czechia,1998-10-14,
KC-139801,Kathleen Castillo,Female,Algeria,1998-10-13,
KH-020101,Kristina Hawkins,Male,Cyprus,2001-11-02,
TP-150301,Teresa Perez,Male,Colombia,2003-08-15,
SP-199801,Samantha Perkins,Male,Indonesia,1998-01-19,
CM-010001,Carla Morrison,Female,Montserrat,2000-01-01,
SM-269401,Sherri Murray,Female,Belize,1994-07-26,
SP-209101,Susan Paul,Female,Bahrain,1991-03-20,
SA-129501,Stacey Anderson,Female,"Korea, Republic of",1995-08-12,
EF-129101,Emma Fletcher,Female,"Venezuela, Bolivarian Republic of",1991-12-12,
AM-250201,Amy Martin,Male,Samoa,2002-01-25,
TM-059901,Tabitha Mcfarland,Female,Equatorial Guinea,1999-01-05,
AT-010101,Allison Thomas,Female,Tuvalu,2001-07-01,
KR-290401,Kimberly Randolph,Male,Marshall Islands,2004-08-29,
PB-160401,Patricia Berger,Female,Hungary,2004-02-16,
VP-049801,Victoria Patterson,Female,Pitcairn,1998-02-04,
AJ-190101,Alicia Jackson,Male,Andorra,2001-04-19,
SC-229701,Susan Cook,Male,Belarus,1997-01-22,
AO-099901,Amber Owen,Female,Czechia,1999-11-09,
EF-029701,Emily Fletcher,Female,Cayman Islands,1997-05-02,
ER-059501,Ebony Rogers,Male,Lao People's Democratic Republic,1995-08-05,
AP-019801,Ashley Petersen,Female,Norfolk Island,1998-05-01,
KL-219401,Kristin Lewis,Male,Pakistan,1994-09-21,
CH-109501,Christina Hatfield,Male,"Venezuela, Bolivarian Republic of",1995-12-10,
AG-230201,Angela Graham,Female,Holy See (Vatican City State),2002-08-23,
LC-189101,Lori Cohen,Male,Barbados,1991-05-18,
MPH-170101,Mrs. Patricia Harrington,Female,Antarctica,2001-07-17,
DP-280401,Debbie Proctor,Female,Kazakhstan,2004-07-28,
CS-160201,Claudia Spencer,Female,Algeria,2002-03-16,
JAM-230201,Jessica Allen MD,Male,Egypt,2002-01-23,
KF-189701,Karen Flowers,Female,Japan,1997-08-18,
DB-119801,Dana Butler,Male,Norfolk Island,1998-04-11,
JM-179501,Jennifer Moody,Male,"Taiwan, Province of China",1995-01-17,
SB-010301,Shannon Barnes,Male,Congo,2003-02-01,
RG-099501,Rebecca Gonzales,Female,Paraguay,1995-12-09,
AB-120001,April Bradshaw,Female,Czechia,2000-10-12,
KG-079901,Kayla Gonzales,Male,Uruguay,1999-04-07,
JS-250401,Jennifer Smith,Female,Samoa,2004-10-25,
MH-139101,Melissa Hayes,Female,Belarus,1991-04-13,
JM-300001,Jenny Martin,Male,"Congo, The Democratic Republic of the",2000-01-30,
LH-019401,Laura Hart,Female,Iraq,1994-04-01,
AK-129301,Amy King,Male,Congo,1993-02-12,
FB-260001,Frances Bridges,Female,Grenada,2000-09-26,
CB-090201,Cassandra Bailey,Female,New Caledonia,2002-05-09,
DH-079701,Danielle Hunt,Female,Netherlands,1997-04-07,
KS-240301,Kerri Salazar,Female,"Taiwan, Province of China",2003-08-24,
LM-259701,Leslie Murphy,Female,Nepal,1997-01-25,
AJ-179901,Amy Johnson,Male,Pakistan,1999-01-17,
KW-019701,Kerri Watson,Female,Spain,1997-06-01,
CL-260401,Christina Lowe,Female,Curaçao,2004-03-26,
JD-059401,Jessica Dodson,Female,Saint Pierre and Miquelon,1994-03-05,
SJ-040401,Stephanie Jones,Female,Greenland,2004-12-04,
JO-189201,Joanne Ortiz,Female,Dominican Republic,1992-03-18,
AL-219301,Amanda Lee,Female,Sudan,1993-11-21,
LD-019101,Lisa Dixon,Male,Cocos (Keeling) Islands,1991-07-01,
CM-280201,Cheryl Munoz,Male,Comoros,2002-04-28,
TC-239301,Taylor Cobb,Male,Dominican Republic,1993-09-23,
TG-059101,Tamara Gonzalez,Female,Zimbabwe,1991-09-05,
JH-069501,Joann Hall,Female,French Southern Territories,1995-02-06,
EM-169901,Elizabeth Martin,Female,Wallis and Futuna,1999-02-16,
SH-079501,Sarah Harper,Male,Montserrat,1995-08-07,
JJ-229501,Jean Jefferson,Female,South Sudan,1995-02-22,
EG-020001,Emily Gardner,Female,Macao,2000-02-02,
TF-239401,Tami Fisher,Female,Argentina,1994-01-23,
KM-299801,Kim Meadows,Male,Libya,1998-10-29,
LL-029601,Leslie Lee,Female,Saint Kitts and Nevis,1996-09-02,
MB-229401,Misty Bishop,Female,Saint Kitts and Nevis,1994-01-22,
JO-129401,Jennifer Obrien,Female,Denmark,1994-03-12,
DB-029201,Danielle Butler,Male,"Iran, Islamic Republic of",1992-10-02,
JC-139401,Julie Calderon,Male,South Sudan,1994-06-13,
AS-319801,Amber Sanchez,Female,"Venezuela, Bolivarian Republic of",1998-08-31,
EV-150301,Emily Vance,Female,Slovenia,2003-08-15,
MS-050001,Mary Strickland,Female,Estonia,2000-06-05,
CM-039601,Catherine Miller,Female,Guyana,1996-08-03,
MM-170001,Mallory Miller,Male,Sierra Leone,2000-06-17,
TN-270201,Tammy Newton,Female,Bahrain,2002-02-27,
MW-259501,Megan Wilson,Female,Afghanistan,1995-03-25,
DW-229501,Denise Wallace,Male,Fiji,1995-12-22,
EB-259501,Evelyn Blankenship,Female,Canada,1995-12-25,
APM-069401,Alexis Park MD,Male,"Korea, Democratic People's Republic of",1994-12-06,
KS-309302,Kristina Smith,Female,Switzerland,1993-10-30,
MH-259901,Morgan Hunt,Female,Malta,1999-06-25,
GR-229401,Gabrielle Riley,Male,Norfolk Island,1994-03-22,
EC-200201,Erika Cruz,Male,Timor-Leste,2002-03-20,
MV-239801,Michelle Vance,Male,Turks and Caicos Islands,1998-06-23,
BM-069601,Brooke Maldonado,Female,Israel,1996-03-06,
KJ-189701,Kelly Johnson,Male,Sao Tome and Principe,1997-11-18,
SL-189701,Sara Lewis,Male,Tonga,1997-07-18,
RS-169401,Rebecca Spencer,Male,Uzbekistan,1994-02-16,
CA-229201,Christina Ayala,Female,Rwanda,1992-08-22,
CM-230001,Cassandra Mcintosh,Male,Kenya,2000-06-23,
JM-259901,Jill Miller,Female,"Venezuela, Bolivarian Republic of",1999-09-25,
KR-079601,Katherine Rangel,Female,Jordan,1996-11-07,
AG-310201,Ashley Garcia,Female,Gambia,2002-10-31,
AF-040301,Amanda Fuller,Female,Zambia,2003-03-04,
BD-059801,Brittany Davis,Female,Libya,1998-05-05,
ML-119401,Megan Lara,Female,Serbia,1994-12-11,
KM-099601,Kara Mason,Female,Iraq,1996-11-09,
EL-309701,Emily Lee,Female,Haiti,1997-10-30,
EH-059801,Elizabeth Hill,Male,Luxembourg,1998-06-05,
PG-110001,Patricia Gonzalez,Female,Libya,2000-04-11,
RR-030401,Rebecca Ramos,Female,British Indian Ocean Territory,2004-07-03,
PB-249501,Phyllis Burns,Female,Sierra Leone,1995-11-24,
ST-219801,Sarah Thomas,Female,Niue,1998-09-21,
VL-110301,Vickie Larson,Female,Sao Tome and Principe,2003-10-11,
JR-139901,Jessica Ramirez,Male,Jamaica,1999-07-13,
CM-110001,Cindy Martinez,Female,"Bolivia, Plurinational State of",2000-08-11,
MB-269601,Mary Blake,Female,Bahrain,1996-08-26,
DS-100101,Diana Smith,Male,Mayotte,2001-12-10,
SS-159701,Sherri Salazar,Female,Greece,1997-10-15,
JM-019401,Jamie Mcdonald,Female,Philippines,1994-02-01,
BK-180001,Breanna King,Female,Cayman Islands,2000-03-18,
AP-299301,Angela Parker,Male,Comoros,1993-07-29,
KF-269201,Katherine Freeman,Female,Macao,1992-03-26,
MJC-090001,Mrs. Jillian Collins,Female,Isle of Man,2000-11-09,
SP-020401,Susan Pearson,Female,British Indian Ocean Territory,2004-11-02,
AB-049101,Amanda Baker,Male,"Bonaire, Sint Eustatius and Saba",1991-04-04,
CK-059201,Cindy Kelly,Female,Anguilla,1992-01-05,
KS-189701,Kristen Snyder,Male,Cabo Verde,1997-01-18,
SA-170301,Stephanie Adams,Male,Nicaragua,2003-07-17,
RD-259801,Rhonda Davis,Female,Belgium,1998-09-25,
GC-200201,Gina Clark,Female,Somalia,2002-09-20,
RR-090101,Renee Rogers,Female,Maldives,2001-06-09,
AB-269901,Alicia Bryan,Female,El Salvador,1999-01-26,
LM-059901,Lori Mcmillan,Female,Equatorial Guinea,1999-11-05,
MP-110401,Maria Petersen,Male,South Georgia and the South Sandwich Islands,2004-11-11,
LS-049401,Laura Smith,Male,"Venezuela, Bolivarian Republic of",1994-02-04,
LB-190401,Lacey Bell,Female,Brazil,2004-01-19,
KF-209101,Kimberly Freeman,Female,Pakistan,1991-06-20,
TC-179101,Terri Cannon,Male,Kiribati,1991-08-17,
NM-110001,Nicole Meyers,Female,Latvia,2000-07-11,
SR-179701,Savannah Ramirez,Male,Chad,1997-01-17,
TM-199601,Toni Mejia,Female,Vanuatu,1996-08-19,
CJ-259201,Cassandra Jones,Male,Gambia,1992-01-25,
KM-060001,Karen Moore,Female,Zambia,2000-08-06,
AD-049301,Allison Dickerson,Male,Mauritius,1993-04-04,
JG-200001,Jennifer Gregory,Female,Liberia,2000-05-20,
JS-250301,Jeanette Sanchez,Female,Togo,2003-01-25,
KM-299501,Kristin Marshall,Male,"Korea, Democratic People's Republic of",1995-09-29,
MG-190301,Mary Griffin,Female,Åland Islands,2003-08-19,
AR-139701,Ana Russell,Male,Pakistan,1997-05-13,
DC-259401,Donna Campos,Male,Bosnia and Herzegovina,1994-06-25,
MG-030401,Megan Garcia,Female,Bahrain,2004-05-03,
KD-170101,Kristen Dennis,Female,Belize,2001-07-17,
AL-229301,Angelica Lewis,Male,Argentina,1993-03-22,
RO-159801,Robin Owens,Female,Faroe Islands,1998-09-15,
AC-130301,Angela Chambers,Male,Colombia,2003-07-13,
SR-019201,Sarah Rose,Male,Honduras,1992-01-01,
BS-010401,Brittany Shields,Female,Kuwait,2004-08-01,
CB-160101,Catherine Benitez,Female,Kuwait,2001-02-16,
MA-229801,Meghan Alexander,Female,"Korea, Democratic People's Republic of",1998-11-22,
PJ-209101,Pamela Jones,Male,Montenegro,1991-04-20,
SL-269501,Sophia Little,Female,Heard Island and McDonald Islands,1995-09-26,
KB-209601,Karen Becker,Female,Fiji,1996-02-20,
AW-229401,Alicia Warren,Female,French Polynesia,1994-12-22,
LB-159701,Linda Baker,Female,Aruba,1997-10-15,
MC-029901,Marilyn Cole,Female,"Korea, Republic of",1999-02-02,
AM-139301,Angela Myers,Female,"Congo, The Democratic Republic of the",1993-09-13,
KA-079601,Kelsey Allen,Male,Palau,1996-03-07,
VS-169701,Vanessa Shaffer,Female,Ecuador,1997-07-16,
CK-229601,Crystal Koch,Female,Afghanistan,1996-03-22,
JR-229501,Jennifer Rodriguez,Male,Burkina Faso,1995-02-22,
KM-089301,Karen Miller,Female,Puerto Rico,1993-05-08,
KP-030001,Katherine Padilla,Female,Australia,2000-03-03,
TT-069401,Tracy Tucker,Female,British Indian Ocean Territory,1994-03-06,
CR-049701,Christina Robinson,Female,"Iran, Islamic Republic of",1997-12-04,
KV-270101,Karen Vargas,Male,Liechtenstein,2001-03-27,
CC-220101,Christina Chandler,Female,Congo,2001-05-22,
JB-199701,Jessica Browning,Female,Egypt,1997-02-19,
JS-089501,Jennifer Sandoval,Female,Tuvalu,1995-05-08,
SM-209401,Sandra Marshall,Male,American Samoa,1994-10-20,
AC-080001,Alexandra Cox,Female,Finland,2000-12-08,
CW-299901,Christine Ward,Female,Saint Pierre and Miquelon,1999-12-29,
CP-229301,Cynthia Pham,Male,French Polynesia,1993-01-22,
JD-189201,Jessica Dennis,Male,Mayotte,1992-07-18,
MH-129701,Mary Hill,Male,Ukraine,1997-10-12,
JH-049401,Jennifer Hart,Female,"Venezuela, Bolivarian Republic of",1994-10-04,
DR-089101,Donna Russell,Male,Timor-Leste,1991-11-08,
JL-069801,Jessica Lewis,Male,Antigua and Barbuda,1998-04-06,
VW-309501,Vanessa Werner,Female,Spain,1995-07-30,
RS-119701,Rachel Sutton,Male,Guadeloupe,1997-12-11,
DG-209701,Deborah Gordon,Female,Brunei Darussalam,1997-02-20,
GM-319601,Gwendolyn Moreno,Female,Lithuania,1996-05-31,
LG-300001,Laura Garcia,Male,Iraq,2000-03-30,
KV-139901,Katie Velez,Male,Mauritania,1999-01-13,
KH-129401,Kelly Houston,Male,"Virgin Islands, British",1994-03-12,
EJ-180401,Erika Jensen,Female,Paraguay,2004-10-18,
DGM-040401,Deborah Gibson MD,Male,Wallis and Futuna,2004-08-04,
KE-239701,Kelly Ellis,Male,Estonia,1997-10-23,
LM-180001,Lisa Mason,Male,Thailand,2000-01-18,
BP-179401,Beverly Powell,Male,Türkiye,1994-04-17,
CO-139701,Christina Owen,Male,"Korea, Democratic People's Republic of",1997-10-13,
BJ-209201,Bianca James,Female,Guadeloupe,1992-04-20,
MJ-100201,Melissa Jacobs,Male,Malaysia,2002-06-10,
DR-049201,Destiny Romero,Male,Sao Tome and Principe,1992-10-04,
SN-289401,Susan Novak,Male,Saint Pierre and Miquelon,1994-11-28,
JC-169201,Jacqueline Carrillo,Female,Côte d'Ivoire,1992-07-16,
DD-189601,Danielle Davis,Male,American Samoa,1996-03-18,
KP-229601,Kathleen Price,Male,Kyrgyzstan,1996-08-22,
MC-069901,Monique Cook,Female,Ukraine,1999-11-06,
DC-299301,Debra Cole,Male,Niger,1993-11-29,
MM-179601,Maria Martin,Female,Mauritania,1996-08-17,
KB-020401,Katie Browning,Male,Lithuania,2004-01-02,
JV-129901,Julie Vazquez,Male,Eritrea,1999-09-12,
ED-130001,Emily Day,Male,Bahamas,2000-11-13,
JR-099201,Jessica Rodriguez,Female,Guyana,1992-02-09,
SB-230301,Sandra Branch,Female,Réunion,2003-09-23,
AS-050201,Amy Smith,Male,Malaysia,2002-10-05,
JJ-029701,Jessica Johnson,Male,Costa Rica,1997-01-02,
HB-269501,Heather Burgess,Male,Mayotte,1995-01-26,
LD-290101,Lisa Davidson,Male,Botswana,2001-12-29,
CD-150301,Candice Donaldson,Male,Sint Maarten (Dutch part),2003-08-15,
AL-029601,Amy Lee,Male,Cuba,1996-02-02,
AW-030101,Amber Williams,Female,Curaçao,2001-05-03,
PM-039301,Pamela Morgan,Male,Ireland,1993-06-03,
CW-090301,Crystal Wells,Female,Peru,2003-02-09,
SB-289801,Susan Boyd,Male,Åland Islands,1998-08-28,
HG-309501,Heather Gaines,Female,Bahrain,1995-01-30,
BH-279401,Brandy Hammond,Male,Nicaragua,1994-03-27,
KW-189501,Kathleen Williams,Female,Heard Island and McDonald Islands,1995-01-18,
DZ-089801,Denise Zimmerman,Female,United Kingdom,1998-11-08,
SI-180401,Susan Ibarra,Female,Kyrgyzstan,2004-10-18,
MW-160001,Marisa Welch,Male,Syrian Arab Republic,2000-05-16,
DG-239601,Dana Goodman,Male,Bouvet Island,1996-06-23,
CB-219201,Christine Beck,Female,Mozambique,1992-10-21,
MO-049701,Mariah Orr,Male,Guam,1997-11-04,
RS-019601,Rhonda Smith,Male,Eritrea,1996-11-01,
JA-150301,Jessica Alexander,Female,Wallis and Futuna,2003-09-15,
SP-189401,Sarah Phillips,Male,Netherlands,1994-02-18,
SM-289101,Shelly Murphy,Female,"Virgin Islands, U.S.",1991-09-28,
KM-070301,Kim Mathis,Male,Türkiye,2003-08-07,
SG-219901,Shelby Gallagher,Female,India,1999-02-21,
JO-079101,Julia Owen,Female,Guinea-Bissau,1991-04-07,
NB-020101,Natalie Barker,Female,Nauru,2001-05-02,
SC-069601,Sarah Caldwell,Female,Greenland,1996-02-06,
AB-189501,Alicia Bowen,Female,Israel,1995-06-18,
TH-280301,Tara Harris,Male,Mexico,2003-02-28,
BC-250301,Brooke Craig,Male,Togo,2003-04-25,
JM-069301,Julie Melton,Female,Malaysia,1993-12-06,
SS-249901,Suzanne Stokes,Male,Uganda,1999-08-24,
AA-040201,Angela Andrews,Male,Samoa,2002-03-04,
KJ-290101,Kathy Johnson,Female,Holy See (Vatican City State),2001-05-29,
JR-059701,Julia Rocha,Male,Cameroon,1997-06-05,
AV-149201,Alisha Vega,Male,Malaysia,1992-09-14,
KD-190101,Kelly Davila,Male,Gambia,2001-05-19,
RH-240201,Renee Hill,Male,Iceland,2002-03-24,
SZ-069401,Stephanie Zuniga,Male,Palau,1994-03-06,
KH-240301,Kathy Harmon,Female,Angola,2003-01-24,
TP-220101,Tina Patterson,Female,Guatemala,2001-12-22,
JB-139901,Jacqueline Becker,Male,Dominican Republic,1999-10-13,
CL-310301,Christine Little,Female,Jamaica,2003-10-31,
JD-039801,Julia Diaz,Female,Indonesia,1998-02-03,
DP-200201,Destiny Parker,Male,Solomon Islands,2002-06-20,
SS-079601,Sara Smith,Female,Myanmar,1996-11-07,
MP-020001,Megan Palmer,Female,South Sudan,2000-04-02,
DTT-020301,Dr. Tracy Taylor,Male,Guyana,2003-08-02,
HW-040201,Heidi Wolfe,Male,British Indian Ocean Territory,2002-02-04,
AO-319401,Angela Oliver,Female,Cabo Verde,1994-01-31,
AB-149401,Anne Bullock,Female,Åland Islands,1994-09-14,
DG-199901,Dorothy Gonzalez,Male,Saint Kitts and Nevis,1999-08-19,
CB-169501,Crystal Brown,Female,"Moldova, Republic of",1995-11-16,
SO-069601,Sue Ortiz,Male,Monaco,1996-12-06,
CM-209501,Christine Mcguire,Female,Kenya,1995-09-20,
BC-219601,Brandi Cook,Male,Norfolk Island,1996-05-21,
JP-120201,Jennifer Perez,Female,Zimbabwe,2002-12-12,
KT-189201,Karen Taylor,Male,Barbados,1992-10-18,
TMM-059701,Tiffany Mcdaniel MD,Female,Afghanistan,1997-09-05,
MT-060201,Melanie Torres,Male,Denmark,2002-10-06,
TJ-230401,Tracy Jacobs,Male,Belarus,2004-03-23,
CT-249901,Cynthia Turner,Female,Barbados,1999-03-24,
JS-239401,Jennifer Shepherd,Female,Jordan,1994-08-23,
RL-080001,Rita Larson,Male,"Tanzania, United Republic of",2000-05-08,
HD-139201,Heather Dixon,Female,Sweden,1992-01-13,
LHD-069901,Lorraine Hayes DDS,Female,Canada,1999-10-06,
NT-119301,Nicole Thompson,Female,India,1993-09-11,
LH-239101,Lisa Howard,Female,Egypt,1991-12-23,
PB-319901,Patricia Banks,Female,"Moldova, Republic of",1999-12-31,
CB-129901,Cynthia Black,Female,Gibraltar,1999-09-12,
KA-049801,Katherine Armstrong,Male,Morocco,1998-09-04,
ET-250401,Erika Thomas,Female,Saudi Arabia,2004-01-25,
DC-279201,Dawn Crawford,Male,Lesotho,1992-06-27,
MZ-079101,Melissa Zimmerman,Male,Nicaragua,1991-10-07,
SE-089101,Sheila Evans,Male,Rwanda,1991-02-08,
CM-070001,Christina Mccoy,Female,Guatemala,2000-05-07,
MN-040401,Michaela Nelson,Male,Canada,2004-02-04,
NS-189301,Nichole Smith,Female,Nicaragua,1993-11-18,
RS-140401,Renee Schmidt,Female,"Iran, Islamic Republic of",2004-07-14,
MH-300101,Mary Herring,Male,Saint Kitts and Nevis,2001-01-30,
JG-039301,Jessica Garrett,Female,Heard Island and McDonald Islands,1993-12-03,
JDD-049401,Janice Davis DVM,Male,Tajikistan,1994-10-04,
KM-129801,Kelly Mathews,Female,Ethiopia,1998-05-12,
CW-089401,Carol Williamson,Female,Lithuania,1994-06-08,
JL-199801,Jennifer Logan,Male,Estonia,1998-11-19,
SS-180201,Stephanie Stephens,Female,Niue,2002-06-18,
DG-149301,Deborah Garcia,Female,Jamaica,1993-12-14,
AG-180101,Amber Gibbs,Female,Bulgaria,2001-02-18,
NA-150401,Nicole Adams,Female,Western Sahara,2004-07-15,
LS-100201,Linda Shaw,Female,Nicaragua,2002-12-10,
MR-169701,Meredith Rivas,Female,Tonga,1997-06-16,
MH-079801,Michelle Humphrey,Male,Israel,1998-01-07,
TG-269801,Tiffany Gonzales,Female,Brazil,1998-08-26,
AW-130301,Allison White,Male,American Samoa,2003-01-13,
KD-249801,Kelly Duran,Male,Slovenia,1998-07-24,
SN-209601,Samantha Nichols,Male,Bhutan,1996-06-20,
JM-279801,Joan Melendez,Female,Romania,1998-11-27,
KS-069501,Kimberly Spencer,Female,Bulgaria,1995-08-06,
CR-239201,Crystal Rhodes,Male,New Caledonia,1992-06-23,
WW-299901,Wendy Walker,Female,South Sudan,1999-04-29,
EC-109901,Emily Collins,Female,Estonia,1999-03-10,
LM-259501,Lauren Mosley,Female,"Tanzania, United Republic of",1995-03-25,
HG-079801,Haley Grimes,Male,North Macedonia,1998-11-07,
EK-039701,Erica Kim,Female,Slovakia,1997-02-03,
MW-190401,Melissa Wright,Female,Germany,2004-04-19,
JZ-100301,Jennifer Zamora,Female,Latvia,2003-01-10,
JB-289301,Jade Buckley,Male,"Congo, The Democratic Republic of the",1993-09-28,
KH-120001,Kelsey Hernandez,Female,Rwanda,2000-09-12,
AA-010101,Ashley Alvarez,Female,Namibia,2001-10-01,
CF-049401,Christina Fox,Male,Argentina,1994-06-04,
AS-239802,Anne Stark,Female,Greenland,1998-10-23,
KG-300201,Kristen Gonzalez,Female,Marshall Islands,2002-07-30,
SL-159501,Sharon Lane,Male,Comoros,1995-10-15,
SJ-019501,Samantha Johnson,Female,Solomon Islands,1995-07-01,
KA-239501,Krystal Adams,Female,Iceland,1995-02-23,
GN-139901,Gina Nguyen,Female,Jordan,1999-06-13,
CA-110001,Candice Anderson,Female,Andorra,2000-10-11,
LW-189701,Laurie Washington,Female,"Tanzania, United Republic of",1997-06-18,
MQ-049301,Mary Quinn,Male,Grenada,1993-04-04,
MM-089801,Melanie Murphy,Male,"Taiwan, Province of China",1998-04-08,
LP-299401,Lisa Pierce,Female,Mexico,1994-05-29,
BB-300001,Brooke Barr,Female,Costa Rica,2000-05-30,
SM-140301,Sarah Marquez,Male,Svalbard and Jan Mayen,2003-09-14,
HCM-069901,Hannah Clark MD,Male,Mongolia,1999-05-06,
MJ-209901,Melissa Joseph,Male,North Macedonia,1999-04-20,
KM-159301,Krystal May,Male,Turks and Caicos Islands,1993-08-15,
NL-139501,Natalie Leonard,Female,Heard Island and McDonald Islands,1995-04-13,
MM-169701,Michelle Myers,Male,Saint Lucia,1997-02-16,
LP-250001,Leslie Padilla,Male,Jordan,2000-12-25,
KG-180301,Kathleen Gonzalez,Female,Morocco,2003-05-18,
MM-189601,Maria Murphy,Female,"Virgin Islands, U.S.",1996-08-18,
KF-149601,Kayla Freeman,Male,Zambia,1996-06-14,
AM-179501,Amanda Martinez,Female,Russian Federation,1995-08-17,
LB-209101,Lynn Baldwin,Male,Saint Lucia,1991-03-20,
CH-149101,Crystal Hahn,Female,Tokelau,1991-01-14,
JP-029601,Jessica Pham,Female,Wallis and Futuna,1996-09-02,
BS-189601,Bonnie Smith,Female,Costa Rica,1996-08-18,
EC-109601,Emily Coleman,Female,Puerto Rico,1996-11-10,
BR-089101,Brittany Roman,Male,Bouvet Island,1991-05-08,
MD-069101,Meagan Delacruz,Male,British Indian Ocean Territory,1991-04-06,
MH-180401,Michelle Holmes,Female,Türkiye,2004-10-18,
JFD-010301,Jessica Fox DDS,Male,Mali,2003-05-01,
TB-169501,Tiffany Brown,Male,Panama,1995-07-16,
AK-109401,Ashlee Keith,Male,Armenia,1994-03-10,
RH-180201,Roberta Haas,Female,Guatemala,2002-09-18,
SM-239401,Sarah Myers,Female,Vanuatu,1994-09-23,
CP-070101,Cynthia Patton,Male,Gibraltar,2001-01-07,
MM-029901,Margaret Mccullough,Male,Northern Mariana Islands,1999-06-02,
AM-209501,Amy Mcguire,Male,Belize,1995-01-20,
EH-299401,Emily Howell,Female,Senegal,1994-06-29,
LC-180401,Laura Choi,Female,Macao,2004-11-18,
TL-150401,Tammy Larson,Female,"Virgin Islands, British",2004-02-15,
JG-039201,Jade Green,Female,Peru,1992-04-03,
CA-309501,Christine Anderson,Female,Saint Kitts and Nevis,1995-10-30,
MB-059301,Megan Black,Male,South Sudan,1993-06-05,
LJ-300301,Leah Johnson,Female,Fiji,2003-10-30,
KM-030201,Kayla Moon,Male,Ukraine,2002-01-03,
VS-229901,Virginia Saunders,Male,Costa Rica,1999-02-22,
IW-130201,Isabel Walker,Male,Greenland,2002-12-13,
ER-090301,Elizabeth Rogers,Male,Botswana,2003-05-09,
SH-159501,Stacy Hernandez,Female,South Africa,1995-11-15,
SF-110401,Sandra Flores,Female,Lithuania,2004-08-11,
JB-040401,Joyce Bird,Female,Eritrea,2004-10-04,
LS-029801,Lauren Stephens,Male,French Southern Territories,1998-12-02,
AJ-249401,Amy Jones,Female,Tokelau,1994-12-24,
WW-190001,Wendy Wright,Male,Svalbard and Jan Mayen,2000-07-19,
TK-259501,Tara Kennedy,Male,Myanmar,1995-05-25,
RR-289701,Robin Rodriguez,Female,Saint Barthélemy,1997-01-28,
CJ-280001,Christy Jordan,Male,Luxembourg,2000-11-28,
CH-059802,Cassandra Hall,Male,Botswana,1998-03-05,
NR-200101,Nicole Robinson,Male,Bhutan,2001-08-20,
LC-280201,Laura Carson,Female,Yemen,2002-02-28,
RG-130301,Robin Gonzalez,Female,Sint Maarten (Dutch part),2003-06-13,
SB-029701,Samantha Bowers,Male,Barbados,1997-08-02,
DD-090301,Dawn Dunn,Female,Albania,2003-10-09,
JE-129801,Jacqueline Evans,Male,Iceland,1998-12-12,
KR-290001,Kathleen Rowland,Male,Ukraine,2000-11-29,
JB-319601,Jennifer Brown,Male,Cabo Verde,1996-01-31,
VD-100401,Vickie Dodson,Male,Hong Kong,2004-06-10,
NR-190201,Nancy Rodriguez,Male,Sint Maarten (Dutch part),2002-06-19,
AM-160201,Andrea Miller,Female,"Tanzania, United Republic of",2002-11-16,
KS-120001,Kelly Smith,Female,Suriname,2000-05-12,
LW-219301,Lauren White,Female,Madagascar,1993-02-21,
TG-149601,Tara Gibson,Female,South Sudan,1996-03-14,
AA-120401,Alyssa Allen,Male,"Virgin Islands, British",2004-09-12,
RS-080101,Rebecca Stout,Male,Eswatini,2001-02-08,
DW-090201,Denise Webb,Female,Romania,2002-08-09,
TW-049201,Taylor Williams,Male,Monaco,1992-05-04,
BM-100201,Beverly Marshall,Female,Montserrat,2002-08-10,
CC-209101,Catherine Cruz,Male,Timor-Leste,1991-07-20,
EK-250101,Emma Kane,Male,Lebanon,2001-12-25,
NH-070301,Nicole Haynes,Female,Lao People's Democratic Republic,2003-05-07,
TM-290301,Tracy Mcdonald,Female,Cyprus,2003-07-29,
AT-170001,Abigail Trevino,Female,Trinidad and Tobago,2000-01-17,
TC-210101,Tara Chambers,Female,Trinidad and Tobago,2001-11-21,
LG-289101,Lisa Goodwin,Male,New Zealand,1991-05-28,
CA-130201,Catherine Alvarez,Male,Indonesia,2002-10-13,
CL-289601,Christina Lane,Male,Malawi,1996-12-28,
KH-179401,Kathleen Harris,Female,Cabo Verde,1994-03-17,
AF-099701,Anna Ford,Female,Slovakia,1997-11-09,
BC-229101,Betty Chavez,Female,Cocos (Keeling) Islands,1991-04-22,
CW-129901,Chelsea Woods,Male,"Virgin Islands, U.S.",1999-07-12,
SO-299901,Susan Obrien,Male,Congo,1999-07-29,
ASM-229501,Angela Suarez MD,Male,Trinidad and Tobago,1995-12-22,
MJ-059201,Michele Johnson,Female,Sudan,1992-08-05,
AB-159901,Adrienne Bowers,Male,United Kingdom,1999-02-15,
SC-269801,Sheila Collins,Male,"Micronesia, Federated States of",1998-05-26,
JM-070201,Jennifer Morales,Male,Brunei Darussalam,2002-08-07,
RC-300301,Rebecca Cruz,Male,Nepal,2003-09-30,
BM-039901,Brittany Mcgrath,Female,Faroe Islands,1999-02-03,
SM-199101,Sabrina Murray,Male,Cabo Verde,1991-01-19,
JS-319901,Jessica Sosa,Female,Mayotte,1999-05-31,
KS-179501,Kimberly Snow,Male,Nauru,1995-05-17,
AC-099501,Angela Castaneda,Male,Fiji,1995-08-09,
TD-239601,Tammy Delgado,Male,Türkiye,1996-10-23,
NH-270301,Nicole Hall,Male,Guam,2003-06-27,
LR-020201,Lisa Reyes,Female,Dominica,2002-05-02,
PL-269401,Pamela Lopez,Female,Portugal,1994-09-26,
AD-289601,Angela Donovan,Male,Afghanistan,1996-05-28,
KA-129701,Kelli Ayala,Female,Algeria,1997-01-12,
RR-079801,Rebecca Rose,Female,Viet Nam,1998-09-07,
BB-179301,Becky Briggs,Male,Belize,1993-12-17,
AS-130001,Ashley Smith,Male,Tunisia,2000-10-13,
ST-029401,Stacey Torres,Female,Sudan,1994-03-02,
SP-020001,Susan Phillips,Male,"Tanzania, United Republic of",2000-01-02,
KH-179402,Katherine Hurst,Female,Norfolk Island,1994-10-17,
EM-289801,Evelyn Mclean,Male,Isle of Man,1998-08-28,
MA-180201,Melissa Austin,Male,Western Sahara,2002-02-18,
KT-159201,Karina Taylor,Female,Sudan,1992-11-15,
MMF-109801,Mrs. Mercedes Fowler,Male,Albania,1998-11-10,
MB-259601,Mercedes Barajas,Female,French Polynesia,1996-06-25,
AM-119801,Andrea Mann,Male,Finland,1998-09-11,
RF-289801,Robin Foley,Female,United States,1998-07-28,
LW-199501,Lindsey Washington,Male,Lebanon,1995-02-19,
SM-109301,Sandra Martinez,Male,Saudi Arabia,1993-02-10,
DA-209301,Dana Alexander,Male,"Moldova, Republic of",1993-09-20,
SB-210301,Stacy Bell,Female,Lithuania,2003-07-21,
SN-130301,Sara Nicholson,Female,"Tanzania, United Republic of",2003-11-13,
VS-159101,Vickie Suarez,Female,"Bonaire, Sint Eustatius and Saba",1991-05-15,
KH-219301,Kim Herman,Female,Tonga,1993-02-21,
NJ-050001,Nicole Johnson,Female,Ukraine,2000-01-05,
AH-050201,Allison Hale,Female,Sweden,2002-02-05,
KS-100401,Kimberly Solomon,Female,Barbados,2004-09-10,
JV-280001,Jasmine Vasquez,Female,Tunisia,2000-12-28,
JL-129601,Jennifer Larson,Male,Palau,1996-07-12,
EH-299701,Erin Hernandez,Male,Jordan,1997-08-29,
AB-229401,Angela Bowers,Female,Zimbabwe,1994-05-22,
NH-060101,Nancy Hicks,Male,Uruguay,2001-04-06,
JR-139401,Jennifer Roberts,Female,Serbia,1994-02-13,
TM-290302,Tanya Macdonald,Male,Philippines,2003-11-29,
SL-089701,Stephanie Lucas,Female,Senegal,1997-02-08,
EW-110301,Emily Weaver,Male,Portugal,2003-11-11,
OK-020301,Olivia Kennedy,Male,Dominican Republic,2003-05-02,
DH-179501,Diane Herrera,Female,Kuwait,1995-09-17,
HH-079301,Hailey Harris,Female,Rwanda,1993-03-07,
NG-250001,Nicole Gordon,Male,Iceland,2000-01-25,
BA-199201,Brianna Anderson,Female,Chad,1992-02-19,
LJ-019201,Lauren Johnson,Female,Cayman Islands,1992-03-01,
LH-149301,Lauren Hart,Female,Burkina Faso,1993-07-14,
JB-229601,Jessica Brown,Male,Bosnia and Herzegovina,1996-04-22,
TM-110301,Tiffany Marsh,Female,"Moldova, Republic of",2003-05-11,
KN-030301,Kathleen Nguyen,Male,Yemen,2003-03-03,
MH-109101,Melanie Holt,Female,Cocos (Keeling) Islands,1991-05-10,
MR-269901,Mary Rodgers,Male,Pakistan,1999-01-26,
MC-199301,Melissa Cook,Male,Aruba,1993-10-19,
TD-139701,Tiffany Davis,Female,Portugal,1997-01-13,
BF-229801,Bethany Fernandez,Male,Canada,1998-09-22,
BA-180301,Briana Anderson,Female,Cabo Verde,2003-02-18,
AL-089301,Ashley Long,Male,"Tanzania, United Republic of",1993-06-08,
ED-039101,Ebony Downs,Female,New Caledonia,1991-03-03,
MB-119101,Mary Brady,Female,Austria,1991-09-11,
LPP-289601,Lauren Preston PhD,Male,Lithuania,1996-04-28,
NH-220101,Nicole Hall,Female,"Venezuela, Bolivarian Republic of",2001-05-22,
MT-189801,Melissa Thompson,Male,Guam,1998-02-18,
CR-099901,Candice Ramos,Female,Pakistan,1999-02-09,
AM-059701,Amber Mitchell,Male,Portugal,1997-02-05,
KW-200101,Kelly Wilkins,Male,Algeria,2001-02-20,
AP-039501,Angela Payne,Female,Kenya,1995-10-03,
JS-250201,Jessica Schultz,Male,Kyrgyzstan,2002-01-25,
KL-099101,Kim Long,Female,Ecuador,1991-07-09,
KS-250201,Katherine Smith,Male,Pitcairn,2002-12-25,
SM-199601,Shannon Martinez,Female,Malaysia,1996-04-19,
AW-139901,Amanda Williams,Male,Puerto Rico,1999-06-13,
RH-090101,Rebecca Hayes,Male,Japan,2001-05-09,
TR-089101,Tracy Reyes,Male,Gabon,1991-08-08,
RB-030301,Rachel Baker,Female,Japan,2003-01-03,
LH-040201,Lisa Henry,Female,Norfolk Island,2002-03-04,
AD-259601,Abigail Dean,Female,Northern Mariana Islands,1996-06-25,
VC-250101,Virginia Cole,Male,Georgia,2001-09-25,
SM-030401,Stephanie Monroe,Male,Bulgaria,2004-06-03,
KH-319601,Kristy Hall,Male,United Arab Emirates,1996-12-31,
TH-099601,Tiffany Hopkins,Male,Bosnia and Herzegovina,1996-10-09,
MS-109801,Miranda Sheppard,Female,Costa Rica,1998-06-10,
WR-020001,Wendy Roberts,Male,Vanuatu,2000-03-02,
LA-010101,Linda Avery,Female,Indonesia,2001-04-01,
SE-269101,Stephanie Evans,Male,Norway,1991-02-26,
JH-270301,Jennifer Hodges,Female,Tonga,2003-03-27,
RA-040101,Rachel Aguirre,Female,San Marino,2001-08-04,
AJ-229901,Amanda Jones,Female,"Virgin Islands, British",1999-09-22,
SW-200001,Samantha Wong,Female,Uzbekistan,2000-07-20,
BRD-299101,Brandy Ruiz DDS,Male,Burundi,1991-09-29,
CF-049201,Catherine Flores,Male,"Saint Helena, Ascension and Tristan da Cunha",1992-11-04,
VB-079601,Vanessa Baker,Male,French Polynesia,1996-06-07,
SH-109501,Susan Harper,Male,Türkiye,1995-06-10,
AF-119701,Ashley Floyd,Female,Nigeria,1997-03-11,
CD-299701,Colleen Davis,Female,Sudan,1997-05-29,
JA-230201,Jennifer Atkinson,Male,Estonia,2002-05-23,
EW-180201,Elizabeth Watson,Female,Morocco,2002-08-18,
CC-099901,Christina Combs,Female,Belarus,1999-11-09,
LM-169301,Lauren Marquez,Male,"Bolivia, Plurinational State of",1993-01-16,
AJ-099601,Amy Jones,Male,"Bonaire, Sint Eustatius and Saba",1996-11-09,
RM-219101,Robin Mckenzie,Female,Marshall Islands,1991-05-21,
KW-030101,Kathleen Wilson,Female,Türkiye,2001-11-03,
JM-270201,Julie Mckinney,Male,Botswana,2002-07-27,
LC-080201,Lisa Carroll,Female,Angola,2002-10-08,
KT-290001,Krista Taylor,Female,Burundi,2000-11-29,
SB-239401,Shelley Bright,Male,Albania,1994-06-23,
TC-309901,Taylor Chang,Female,Yemen,1999-10-30,
SF-220101,Sharon Fisher,Female,Saint Martin (French part),2001-01-22,
MC-179601,Melissa Clark,Male,Uganda,1996-12-17,
FJ-189201,Frances Jones,Female,Canada,1992-06-18,
DC-060201,Desiree Cruz,Female,Italy,2002-05-06,
SP-140201,Stacey Pierce,Female,Poland,2002-05-14,
TA-199501,Tina Alvarado,Male,Rwanda,1995-11-19,
NM-210001,Nicole Moore,Female,Hungary,2000-04-21,
KA-170401,Kelly Alvarez,Male,Guatemala,2004-06-17,
BT-039201,Brittney Thomas,Male,Northern Mariana Islands,1992-09-03,
NG-279901,Nicole Griffin,Male,Japan,1999-03-27,
AH-260301,Amy Hutchinson,Female,Norfolk Island,2003-04-26,
VS-160001,Valerie Smith,Male,Cambodia,2000-10-16,
AP-119201,Andrea Parker,Male,Tuvalu,1992-09-11,
LC-199401,Laura Campbell,Female,Northern Mariana Islands,1994-10-19,
CC-239701,Christine Clarke,Male,Angola,1997-05-23,
KS-109101,Kelly Simmons,Female,Slovakia,1991-05-10,
CD-180301,Cheryl Davies,Female,Colombia,2003-09-18,
MM-150201,Michele Miller,Male,Monaco,2002-11-15,
DB-189701,Deborah Bates,Male,Guinea,1997-07-18,
SY-149401,Shannon Young,Female,Rwanda,1994-03-14,
FJ-049801,Felicia Jones,Male,Cayman Islands,1998-02-04,
JG-149101,Jessica Gonzalez,Female,Norway,1991-01-14,
BH-129601,Brittany Hernandez,Female,Christmas Island,1996-07-12,
CH-170001,Carly Herrera,Male,French Southern Territories,2000-12-17,
JP-200101,Joy Pollard,Female,Antigua and Barbuda,2001-05-20,
SB-219101,Samantha Benton,Male,Åland Islands,1991-06-21,
DK-210301,Dana Knox,Male,Ukraine,2003-08-21,
AR-139301,Anna Robles,Male,Chile,1993-06-13,
LY-179601,Linda Young,Male,New Caledonia,1996-03-17,
LED-109501,Lisa Escobar DDS,Male,United Arab Emirates,1995-06-10,
TD-249701,Traci Delacruz,Female,Thailand,1997-04-24,
CH-029501,Catherine Hamilton,Male,Mayotte,1995-12-02,
TF-039701,Tanya Fisher,Female,Belize,1997-10-03,
LC-089201,Linda Charles,Female,Andorra,1992-08-08,
KP-149101,Katie Ponce,Male,Togo,1991-04-14,
YW-069201,Yolanda Willis,Male,Syrian Arab Republic,1992-03-06,
LF-269701,Lisa Ford,Male,South Georgia and the South Sandwich Islands,1997-11-26,
KG-039501,Katie Garcia,Male,"Korea, Democratic People's Republic of",1995-01-03,
EB-060301,Erin Bennett,Male,Guinea-Bissau,2003-06-06,
RG-069601,Rhonda Gallegos,Male,Montserrat,1996-01-06,
MWD-059901,Miss Whitney Delacruz,Male,Grenada,1999-09-05,
JM-119401,Jennifer Maldonado,Female,Georgia,1994-07-11,
DS-300401,Donna Schneider,Male,Sint Maarten (Dutch part),2004-03-30,
MJ-129801,Mary Johnson,Female,Malawi,1998-08-12,
JD-220301,Jacqueline Dawson,Female,Estonia,2003-06-22,
KG-200401,Kelly Griffith,Female,"Moldova, Republic of",2004-08-20,
KW-280202,Kelly Williams,Male,United Kingdom,2002-04-28,
LG-289601,Lori Gutierrez,Male,Congo,1996-03-28,
DB-280401,Deanna Byrd,Male,Nauru,2004-04-28,
SM-120401,Shelley Moore,Female,Turks and Caicos Islands,2004-12-12,
FJ-210301,Faith Joseph,Male,Spain,2003-08-21,
JG-119601,Jessica Garcia,Male,Saint Martin (French part),1996-05-11,
RA-250201,Renee Atkinson,Female,Svalbard and Jan Mayen,2002-12-25,
SK-249201,Stacy Keith,Female,Grenada,1992-05-24,
TF-289201,Tracy Franklin,Male,Andorra,1992-12-28,
SB-020301,Shelby Brown,Male,Curaçao,2003-06-02,
JP-120001,Jocelyn Padilla,Female,Sint Maarten (Dutch part),2000-11-12,
TP-249601,Teresa Price,Female,Somalia,1996-10-24,
KD-119501,Kimberly Dixon,Male,"Venezuela, Bolivarian Republic of",1995-11-11,
JV-160001,Jessica Vasquez,Male,Costa Rica,2000-01-16,
AG-140101,Anna Grant,Female,Northern Mariana Islands,2001-05-14,
DH-019401,Donna Holmes,Female,Turkmenistan,1994-05-01,
CR-209601,Cindy Rodriguez,Male,Liberia,1996-03-20,
JR-029401,Jennifer Rodriguez,Female,Holy See (Vatican City State),1994-03-02,
RP-020301,Rebecca Peters,Female,Uzbekistan,2003-04-02,
JR-289101,Jennifer Ramirez,Female,"Moldova, Republic of",1991-05-28,
HB-270301,Heather Burns,Female,Armenia,2003-01-27,
EF-260401,Eileen Fields,Female,Angola,2004-09-26,
CB-279601,Caroline Barrera,Male,"Virgin Islands, U.S.",1996-11-27,
JM-039801,Jacqueline Martinez,Female,Guadeloupe,1998-10-03,
RG-010101,Regina Grimes,Female,Bouvet Island,2001-01-01,
KAD-060201,Kelly Abbott DDS,Female,Ukraine,2002-10-06,
LC-210401,Laura Carpenter,Male,Cambodia,2004-04-21,
CM-219201,Cassandra Montes,Female,"Congo, The Democratic Republic of the",1992-10-21,
JM-110201,Jamie Moran,Female,Åland Islands,2002-08-11,
SP-119501,Suzanne Perry,Female,Wallis and Futuna,1995-03-11,
MB-299801,Michelle Bailey,Female,Antarctica,1998-10-29,
CC-150401,Crystal Chen,Male,"Moldova, Republic of",2004-10-15,
ST-140101,Stephanie Thompson,Male,Saint Lucia,2001-10-14,
JJ-039701,Jenna Jimenez,Female,Mexico,1997-03-03,
KT-099301,Kimberly Tate,Male,"Virgin Islands, U.S.",1993-12-09,
JH-170001,Julie Huber,Male,Belarus,2000-07-17,
RC-079701,Rachael Conway,Female,"Bonaire, Sint Eustatius and Saba",1997-01-07,
SF-049601,Stephanie Fletcher,Male,Guinea-Bissau,1996-01-04,
JR-199601,Jennifer Robinson,Female,Cook Islands,1996-10-19,
CD-159201,Christina Drake,Female,"Korea, Democratic People's Republic of",1992-08-15,
BR-030401,Bonnie Ramirez,Female,Northern Mariana Islands,2004-10-03,
SP-089901,Sandra Phillips,Female,Heard Island and McDonald Islands,1999-03-08,
KN-240201,Katie Nguyen,Female,Switzerland,2002-08-24,
PM-019701,Patricia Miller,Male,Poland,1997-01-01,
TC-289101,Teresa Cline,Female,Belize,1991-11-28,
KM-249101,Kathleen Miller,Female,Cayman Islands,1991-08-24,
AG-260101,Abigail Garza,Male,Eritrea,2001-06-26,
CM-069201,Christine Massey,Female,Haiti,1992-10-06,
KR-309301,Kathleen Reynolds,Female,Thailand,1993-05-30,
DR-209901,Diane Rodriguez,Male,Mauritania,1999-01-20,
DO-110401,Deborah Oliver,Male,Benin,2004-01-11,
JM-189101,Jessica Murray,Female,San Marino,1991-03-18,
JE-259501,Jennifer Edwards,Male,Bosnia and Herzegovina,1995-01-25,
MB-109201,Miranda Becker,Female,Nigeria,1992-05-10,
LW-200101,Leslie Wyatt,Male,Wallis and Futuna,2001-02-20,
CD-319401,Cheryl Duncan,Male,Puerto Rico,1994-01-31,
KS-189501,Karen Santos,Male,Guadeloupe,1995-10-18,
SK-199801,Sherry Keith,Male,Greece,1998-11-19,
TC-139401,Tracey Church,Female,"Saint Helena, Ascension and Tristan da Cunha",1994-01-13,
AA-209901,Ashley Arnold,Male,Oman,1999-10-20,
TM-119501,Theresa Morales,Female,Liberia,1995-05-11,
KB-060401,Kimberly Burns,Male,Aruba,2004-06-06,
TL-030401,Tanya Lopez,Female,Saint Kitts and Nevis,2004-02-03,
TH-169701,Tonya Hernandez,Male,"Virgin Islands, U.S.",1997-10-16,
DP-239501,Deanna Pittman,Male,Zimbabwe,1995-10-23,
WH-089701,Wendy Harrington,Female,Saint Kitts and Nevis,1997-01-08,
AM-200001,April Morris,Female,Palau,2000-11-20,
DC-030001,Debbie Crane,Male,Myanmar,2000-08-03,
CC-060301,Christy Chen,Female,Indonesia,2003-01-06,
CT-059801,Cynthia Thompson,Female,Sierra Leone,1998-04-05,
SG-249401,Shelly Green,Male,Kazakhstan,1994-06-24,
JN-260101,Jessica Norton,Female,Yemen,2001-02-26,
KA-010201,Kathleen Arroyo,Male,Norway,2002-12-01,
DW-129201,Daisy Warren,Female,Chile,1992-02-12,
HK-050001,Heather Kim,Male,Niger,2000-01-05,
DKP-259101,Dr. Kristi Pratt,Male,Finland,1991-02-25,
MH-289301,Mary Holland,Female,Andorra,1993-02-28,
LS-010001,Lindsay Smith,Male,Saint Vincent and the Grenadines,2000-01-01,
MC-020301,Megan Contreras,Male,Guadeloupe,2003-10-02,
SB-100401,Sarah Brady,Female,Pitcairn,2004-01-10,
BJ-139601,Brittany Johnson,Female,Cameroon,1996-03-13,
AB-259701,Ashley Baldwin,Male,Saint Vincent and the Grenadines,1997-05-25,
MB-109901,Mary Boyd,Female,Mongolia,1999-04-10,
MW-030201,Mandy Wilkins,Female,Montserrat,2002-08-03,
HP-080001,Heather Pennington,Female,"Virgin Islands, British",2000-02-08,
SC-280301,Sarah Chavez,Female,Hong Kong,2003-06-28,
VK-209501,Vickie Kelly,Female,Argentina,1995-03-20,
MR-150001,Megan Rivera,Male,Monaco,2000-09-15,
JW-309301,Jade Wright,Female,Haiti,1993-07-30,
SG-219201,Stephanie Garcia,Male,Cabo Verde,1992-12-21,
TH-270401,Tanya Henry,Male,Holy See (Vatican City State),2004-09-27,
AL-280001,Amanda Lynch,Male,Seychelles,2000-11-28,
CT-219201,Christina Thomas,Female,Mauritius,1992-09-21,
KR-030001,Kimberly Roberts,Female,Belgium,2000-03-03,
HR-189101,Heather Reeves,Female,Macao,1991-02-18,
MB-149401,Misty Baker,Female,French Guiana,1994-05-14,
MLHM-150401,Mrs. Lisa Hall MD,Male,India,2004-04-15,
SC-209101,Stacey Cohen,Male,Tunisia,1991-09-20,
BL-220401,Brittany Lopez,Male,South Georgia and the South Sandwich Islands,2004-07-22,
SH-069101,Stephanie Hill,Female,Tajikistan,1991-02-06,
BW-140301,Bridget Weiss,Male,Italy,2003-07-14,
AW-139501,Amy Wright,Male,Cook Islands,1995-11-13,
MD-130001,Maria Deleon,Female,Turks and Caicos Islands,2000-05-13,
SG-239801,Sandra Gonzalez,Female,Wallis and Futuna,1998-11-23,
JH-240201,Jessica Hamilton,Male,"Micronesia, Federated States of",2002-08-24,
KFM-249501,Kathleen Fitzpatrick MD,Female,Mauritania,1995-02-24,
CM-109401,Chelsea Mercer,Male,Switzerland,1994-11-10,
CM-190401,Christina Mason,Male,Greenland,2004-02-19,
MR-289501,Monica Ruiz,Male,Brazil,1995-07-28,
RG-240001,Rachel Green,Male,Indonesia,2000-12-24,
AJ-259201,Angela James,Female,Syrian Arab Republic,1992-09-25,
CA-179901,Carolyn Alvarez,Female,Saint Lucia,1999-08-17,
AM-160401,Angelica Martinez,Female,Jersey,2004-07-16,
DW-050401,Donna Washington,Female,Anguilla,2004-12-05,
JR-239901,Jennifer Ryan,Female,Türkiye,1999-10-23,
KHM-050301,Katherine Hancock MD,Female,Svalbard and Jan Mayen,2003-10-05,
NN-189501,Norma Nelson,Female,Greece,1995-02-18,
MN-099801,Mary Nguyen,Female,"Moldova, Republic of",1998-07-09,
CF-059601,Caitlin Fox,Male,South Africa,1996-10-05,
MH-139102,Maria Howard,Female,Guinea,1991-10-13,
OB-279901,Olivia Barton,Male,Brunei Darussalam,1999-08-27,
VY-039301,Virginia Yoder,Female,Ukraine,1993-05-03,
DB-189301,Donna Bailey,Male,Thailand,1993-07-18,
LP-019701,Lisa Peck,Female,Benin,1997-10-01,
CP-270101,Charlotte Padilla,Male,Cocos (Keeling) Islands,2001-03-27,
PM-149101,Pamela Mcdonald,Male,Burundi,1991-06-14,
BG-229101,Brianna Gould,Female,Turkmenistan,1991-05-22,
CS-279801,Cynthia Sanders,Male,Isle of Man,1998-12-27,
JC-269101,Jennifer Clark,Female,"Iran, Islamic Republic of",1991-09-26,
NS-069401,Nicole Shepherd,Female,Libya,1994-04-06,
LA-199301,Lorraine Allen,Female,Cameroon,1993-05-19,
RC-169501,Rebekah Collins,Male,Equatorial Guinea,1995-09-16,
TD-279401,Theresa Duke,Female,Namibia,1994-06-27,
MW-229401,Monica Ward,Female,Chad,1994-08-22,
RG-249301,Rebecca Garcia,Male,Aruba,1993-05-24,
JS-130101,Jocelyn Stein,Male,Germany,2001-04-13,
MG-199801,Melanie Gutierrez,Male,Bangladesh,1998-01-19,
MKM-079601,Miss Kari Martinez,Female,Cayman Islands,1996-08-07,
AL-289701,Ashley Long,Male,Equatorial Guinea,1997-02-28,
SS-199201,Susan Simpson,Male,Italy,1992-02-19,
LH-309801,Lisa Holder,Male,Kazakhstan,1998-09-30,
AR-199601,Angela Reynolds,Male,Mauritius,1996-09-19,
GW-180401,Gabriella Williams,Female,Ireland,2004-08-18,
WB-160101,Whitney Brown,Male,Honduras,2001-09-16,
KF-299601,Kayla Fuentes,Female,Belize,1996-06-29,
ML-049901,Melinda Lewis,Male,Mauritania,1999-04-04,
JW-130401,Jean Wilson,Male,Jamaica,2004-10-13,
AG-120401,Anita Gonzalez,Female,Puerto Rico,2004-11-12,
AR-230001,Angela Robertson,Female,Canada,2000-03-23,
AS-149401,Amanda Simpson,Male,Sweden,1994-12-14,
LH-299801,Linda Harris,Female,French Polynesia,1998-06-29,
AF-059901,April Fox,Female,Portugal,1999-12-05,
MG-039901,Mary Gomez,Male,Kyrgyzstan,1999-10-03,
CC-020201,Caitlin Cline,Female,Barbados,2002-03-02,
MW-109301,Mary Ward,Male,Monaco,1993-09-10,
KG-200402,Katherine Green,Female,Brunei Darussalam,2004-11-20,
HS-040001,Heidi Summers,Female,Cook Islands,2000-07-04,
DC-020201,Danielle Cox,Male,Estonia,2002-06-02,
CA-029601,Crystal Anderson,Male,Greenland,1996-05-02,
EW-219501,Emily Wyatt,Male,North Macedonia,1995-10-21,
MA-150301,Melanie Allen,Male,Malaysia,2003-04-15,
MS-110001,Morgan Sherman,Female,Aruba,2000-05-11,
MW-279101,Michelle Walls,Female,Afghanistan,1991-06-27,
EW-150301,Erin Willis,Male,Gabon,2003-01-15,
KR-140301,Kelly Robinson,Male,Bahrain,2003-10-14,
WS-050301,Wendy Smith,Female,Antarctica,2003-06-05,
KF-249701,Kathleen Flores,Female,Ukraine,1997-12-24,
SR-199201,Shannon Reynolds,Female,French Guiana,1992-06-19,
AM-170201,Andrea Manning,Male,Argentina,2002-12-17,
AE-080401,Ashley Elliott,Male,Eritrea,2004-01-08,
CG-019601,Catherine Garcia,Female,Papua New Guinea,1996-05-01,
JW-150301,Jessica Wilson,Male,"Taiwan, Province of China",2003-09-15,
BL-060101,Barbara Lozano,Female,Bosnia and Herzegovina,2001-11-06,
MB-090201,Mercedes Barron,Female,Nigeria,2002-09-09,
TM-040001,Teresa Moon,Male,Senegal,2000-07-04,
MW-309801,Mia Walker,Male,Paraguay,1998-04-30,
KC-109401,Kayla Cook,Female,Lebanon,1994-02-10,
NO-229601,Nancy Ortiz,Female,Norway,1996-08-22,
AF-250201,Angela Franklin,Female,Sudan,2002-02-25,
MH-089301,Morgan Hunter,Male,Belarus,1993-01-08,
CS-109101,Cynthia Sharp,Female,Guam,1991-02-10,
AD-299101,Andrea Delgado,Male,Barbados,1991-05-29,
MK-229901,Marie Knox,Female,Guernsey,1999-09-22,
EWM-019901,Elizabeth Webster MD,Male,Liechtenstein,1999-10-01,
TC-310101,Tanya Clayton,Male,"Taiwan, Province of China",2001-01-31,
JM-259902,Joanna Martinez,Male,Türkiye,1999-12-25,
SB-029401,Suzanne Bryant,Male,Northern Mariana Islands,1994-02-02,
PV-029201,Penny Vazquez,Male,Saint Martin (French part),1992-04-02,
AB-140101,Amy Burke,Male,Israel,2001-06-14,
DR-189101,Donna Reynolds,Male,Israel,1991-11-18,
JF-010201,Jordan Freeman,Male,Thailand,2002-03-01,
CN-120001,Cheryl Nielsen,Male,Zimbabwe,2000-09-12,
MP-019401,Martha Park,Female,Iceland,1994-06-01,
LC-290301,Laura Chandler,Female,Norfolk Island,2003-09-29,
ND-079201,Nicole Diaz,Male,Sint Maarten (Dutch part),1992-09-07,
SW-129801,Sara Williamson,Female,Spain,1998-12-12,
EM-029701,Erica Murphy,Female,"Moldova, Republic of",1997-04-02,
LM-099701,Laura Mills,Female,Bosnia and Herzegovina,1997-10-09,
CM-170201,Cheryl Moore,Female,Angola,2002-10-17,
AB-049102,Amber Brown,Male,Saint Vincent and the Grenadines,1991-11-04,
SH-210101,Stephanie Hill,Male,Lesotho,2001-10-21,
KE-210301,Krista Edwards,Male,Singapore,2003-06-21,
SS-260201,Stephanie Sosa,Female,Seychelles,2002-08-26,
ST-139901,Sierra Taylor,Female,"Micronesia, Federated States of",1999-02-13,
AP-279301,Andrea Peterson,Male,Lithuania,1993-12-27,
HM-150101,Heather Morris,Male,Malaysia,2001-07-15,
HS-259301,Hannah Smith,,Dominican Republic,1993-10-25,
LA-080401,Lisa Allen,,Bhutan,2004-04-08,
JG-140301,Jennifer Garner,,"Korea, Republic of",2003-06-14,
JA-040101,Jessica Alexander,,"Saint Helena, Ascension and Tristan da Cunha",2001-12-04,
SJ-140301,Sherry Johnson,,Bulgaria,2003-06-14,
RT-049501,Rebecca Turner,,Norfolk Island,1995-04-04,
CBM-229601,Cynthia Burnett MD,,Sri Lanka,1996-06-22,
SW-130401,Samantha Williams,,Yemen,2004-06-13,
AC-059401,Andrea Collier,,Gibraltar,1994-01-05,
FJ-170101,Faith Jones,,Sierra Leone,2001-04-17,
AS-189302,Ana Short,,Nigeria,1993-05-18,
BR-039301,Barbara Rice,,Burkina Faso,1993-02-03,
PW-119701,Peggy Williams,,France,1997-06-11,
NJ-309101,Nancy Jones,,Brunei Darussalam,1991-09-30,
JB-050201,Jessica Baker,,Spain,2002-10-05,
JT-180001,Jody Trujillo,,Cambodia,2000-09-18,
DC-269301,Destiny Collins,,Saint Vincent and the Grenadines,1993-12-26,
BT-209701,Brianna Torres,,Montenegro,1997-04-20,
KF-269901,Kara Flores,,Saint Martin (French part),1999-05-26,
MO-019701,Misty Osborn,,Malaysia,1997-09-01,
AW-080001,Amy Wolf,,Rwanda,2000-12-08,
MS-110301,Michele Stewart,,Eritrea,2003-03-11,
GC-089301,Gabrielle Conway,,Canada,1993-11-08,
BS-130301,Barbara Sutton,,Estonia,2003-01-13,
BG-239801,Becky Gutierrez,,Canada,1998-12-23,
CB-159301,Carol Beasley,,Palau,1993-03-15,
CV-150201,Christina Valencia,,Eritrea,2002-01-15,
KD-230201,Katelyn Davidson,,Grenada,2002-07-23,
MRF-070101,Mrs. Rita Fields,,Åland Islands,2001-12-07,
VH-059301,Valerie Hinton,,Norway,1993-08-05,
SB-259201,Samantha Brooks,,Honduras,1992-10-25,
NC-039901,Natalie Collins,,Guernsey,1999-08-03,
MS-219201,Maria Smith,,Argentina,1992-04-21,
EL-309101,Elizabeth Lewis,,Viet Nam,1991-09-30,
SW-079601,Sheila Weaver,,Libya,1996-01-07,
KC-209201,Krystal Chung,,Greece,1992-11-20,
DVC-089101,Dr. Virginia Carpenter,,Mexico,1991-03-08,
EC-259501,Elizabeth Carter,,Tonga,1995-05-25,
MT-219201,Melissa Thompson,,New Zealand,1992-01-21,
JW-020401,Jenna Washington,,Sao Tome and Principe,2004-05-02,
AJM-219501,Ashley Joseph MD,Female,Marshall Islands,1995-05-21,
KM-110201,Kaitlyn Mckay,Female,United Kingdom,2002-11-11,
MH-209301,Melissa Hicks,Female,Cameroon,1993-03-20,
KG-120001,Kelsey Gallegos,Female,Israel,2000-03-12,
MACP-250001,Mrs. Allison Castro PhD,Female,Japan,2000-07-25,
DV-039701,Danielle Vasquez,Female,Macao,1997-12-03,
SW-259601,Sarah Warren,Male,Puerto Rico,1996-12-25,
CH-169701,Cassandra Hines,Male,Dominica,1997-02-16,
JD-140101,Jodi Dorsey,Female,"Tanzania, United Republic of",2001-05-14,
AWD-029901,Alexandra Williams DVM,Male,American Samoa,1999-07-02,
MJB-090201,Mrs. Judy Baxter,Male,"Saint Helena, Ascension and Tristan da Cunha",2002-11-09,
AH-219601,Andrea Hunter,Female,North Macedonia,1996-06-21,
AR-130001,Angelica Romero,Male,Thailand,2000-02-13,
TG-140401,Tracy Gallagher,Male,"Bolivia, Plurinational State of",2004-09-14,
RM-010301,Rebecca Martinez,Male,Burkina Faso,2003-11-01,
EW-210301,Elizabeth West,Female,Czechia,2003-01-21,
LV-039701,Leah Vargas,Male,Libya,1997-03-03,
NE-170201,Nicole Edwards,Male,Barbados,2002-09-17,
KA-050301,Katrina Anderson,Male,Guam,2003-02-05,
MM-149302,Marie Moore,Female,Åland Islands,1993-08-14,
MMM-130201,Mrs. Mary Morris,Male,Somalia,2002-10-13,
CB-129601,Chloe Butler,Male,"Palestine, State of",1996-01-12,
KT-259301,Kylie Taylor,Male,Ecuador,1993-09-25,
AB-060101,Alicia Beck,Male,Colombia,2001-11-06,
DD-020001,Deborah Duffy,Female,Niger,2000-01-02,
LK-229301,Lori Kramer,Male,Estonia,1993-02-22,
AP-020401,Amanda Pruitt,Male,Equatorial Guinea,2004-12-02,
MC-090001,Meghan Cox,Female,Fiji,2000-03-09,
JM-100101,Jill Mendez,Male,"Tanzania, United Republic of",2001-02-10,
BT-029501,Beverly Taylor,Male,Morocco,1995-04-02,
PR-229801,Pamela Ramirez,Male,Maldives,1998-10-22,
JC-259101,Jennifer Copeland,Male,Cayman Islands,1991-01-25,
JG-059701,Jane Gomez,Male,Angola,1997-03-05,
JN-119201,Joanna Nicholson,Female,"Saint Helena, Ascension and Tristan da Cunha",1992-03-11,
JM-159901,Julie Mendoza,Male,Ireland,1999-07-15,
TB-070401,Terri Brown,Male,Central African Republic,2004-11-07,
EC-099601,Emily Collier,Female,Türkiye,1996-05-09,
MC-079101,Michelle Caldwell,Female,Japan,1991-06-07,
LD-130301,Laura Davis,Female,Martinique,2003-06-13,
MAS-119301,Mrs. Amanda Schaefer,Male,"Bolivia, Plurinational State of",1993-11-11,
MW-100201,Maria Williams,Female,Nicaragua,2002-03-10,
AL-319601,Amy Lawson,Female,Cabo Verde,1996-01-31,
ML-140001,Michelle Long,Female,"Bolivia, Plurinational State of",2000-01-14,
TM-249201,Tanya Miles,Female,New Caledonia,1992-07-24,
MH-299401,Melinda Howard,Male,Mongolia,1994-09-29,
MD-029901,Melanie Dickerson,Female,Liberia,1999-01-02,
CK-069901,Cindy Krueger,Female,Slovenia,1999-06-06,
SB-209301,Sarah Benton,Female,"Virgin Islands, British",1993-06-20,
TA-100001,Tara Allen,Male,Réunion,2000-02-10,
SA-259601,Shannon Arellano,Female,New Caledonia,1996-01-25,
JJ-069801,Jessica Jackson,Female,Chile,1998-09-06,
NK-219601,Nicole Krause,Female,Western Sahara,1996-02-21,
MV-109201,Mary Vasquez,Female,Botswana,1992-07-10,
JW-069501,Jamie Willis,Female,Denmark,1995-06-06,
SZ-199101,Sandra Zhang,Male,Antarctica,1991-04-19,
BM-050001,Brenda Mercer,Female,Kiribati,2000-08-05,
AM-249901,April Mendoza,Male,Yemen,1999-01-24,
AM-140301,Amy Mcfarland,Male,"Taiwan, Province of China",2003-11-14,
PG-149301,Patricia Gonzalez,Male,Jordan,1993-04-14,
PW-039901,Pamela Warner,Female,Portugal,1999-07-03,
MEA-299501,Mrs. Eileen Allen,Female,Isle of Man,1995-05-29,
CL-209601,Cheryl Lin,Male,Pakistan,1996-08-20,
SB-089401,Sharon Blake,Female,Latvia,1994-01-08,
MS-039401,Maria Snyder,Male,Egypt,1994-05-03,
AD-239301,Ariana Davis,Female,Albania,1993-08-23,
AB-019701,Ashley Bennett,Male,Côte d'Ivoire,1997-06-01,
SM-150401,Susan Murphy,Male,French Southern Territories,2004-08-15,
LG-130301,Laura Green,Female,Kuwait,2003-12-13,
CR-189801,Chelsey Reynolds,Female,Samoa,1998-11-18,
SM-029301,Selena Morgan,Female,Seychelles,1993-12-02,
LC-249601,Lynn Curry,Male,Bahamas,1996-06-24,
CM-219801,Carol Mathews,Male,United Arab Emirates,1998-10-21,
MDG-249401,Ms. Deborah Guzman,Male,Kuwait,1994-09-24,
CM-110301,Chelsea Mitchell,Female,Bouvet Island,2003-08-11,
RC-029801,Robin Chen,Female,Haiti,1998-11-02,
SR-160201,Sabrina Rose,Female,Timor-Leste,2002-08-16,
SH-039501,Shannon Hall,Female,Angola,1995-10-03,
DS-070202,Diana Stanley,Female,Indonesia,2002-08-07,
KC-259501,Kimberly Conner,Female,United States Minor Outlying Islands,1995-07-25,
KS-109501,Kimberly Simon,Male,Libya,1995-11-10,
CC-209301,Cheryl Coleman,Male,Heard Island and McDonald Islands,1993-07-20,
CC-279201,Carrie Cobb,Male,Philippines,1992-03-27,
KMM-099601,Kathleen Morgan MD,Male,Myanmar,1996-01-09,
PJ-219101,Patricia James,Female,Greece,1991-05-21,
SW-149601,Sarah Wright,Female,Western Sahara,1996-06-14,
AL-300401,April Lam,Male,Nauru,2004-08-30,
RC-259401,Rebecca Cooper,Male,Thailand,1994-04-25,
JR-100101,Jennifer Rodgers,Female,Marshall Islands,2001-08-10,
DA-070401,Dawn Atkins,Male,Hungary,2004-04-07,
DC-299801,Destiny Clark,Male,Armenia,1998-12-29,
CK-020401,Christina Krueger,Female,Czechia,2004-07-02,
JS-160101,Jennifer Smith,Female,Niue,2001-06-16,
BR-020201,Barbara Rush,Male,Jordan,2002-06-02,
BA-119501,Barbara Adkins,Male,Angola,1995-06-11,
AW-140001,April Waller,Female,Mexico,2000-11-14,
LM-300201,Lisa Morris,Female,Monaco,2002-03-30,
TH-239701,Taylor Hall,Male,Gabon,1997-09-23,
KG-270401,Kristen Glover,Female,Saint Pierre and Miquelon,2004-09-27,
CG-309801,Cindy Garcia,Female,Greenland,1998-01-30,
HM-309601,Hailey Moody,Male,Macao,1996-10-30,
NG-209401,Nicole Graves,Male,Mauritius,1994-01-20,
TA-250101,Tamara Adams,Female,Jamaica,2001-03-25,
CH-249701,Christina Hunter,Female,"Korea, Republic of",1997-05-24,
JG-190101,Jessica Greene,Female,Lao People's Democratic Republic,2001-06-19,
AF-190101,Amy Flores,Male,Azerbaijan,2001-03-19,
JM-200301,Jill Martinez,Male,Guyana,2003-04-20,
KR-310301,Kelly Rodriguez,Male,Lithuania,2003-12-31,
DS-059601,Danielle Stafford,Male,Bouvet Island,1996-07-05,
EM-309301,Elizabeth Moore,Female,American Samoa,1993-05-30,
DW-110401,Diana Wiley,Female,Curaçao,2004-10-11,
AK-169401,Autumn Kim,Female,Namibia,1994-02-16,
MB-030001,Monica Brown,Male,Burkina Faso,2000-03-03,
DS-029701,Destiny Shaffer,Male,Ethiopia,1997-10-02,
MB-170201,Monica Bolton,Male,Netherlands,2002-08-17,
AB-169301,Amanda Beard,Male,Finland,1993-02-16,
JW-019901,Jennifer Williams,Male,France,1999-03-01,
LC-170301,Linda Cox,Female,"Moldova, Republic of",2003-01-17,
KH-259601,Katie Harrell,Male,Antarctica,1996-11-25,
SR-290101,Samantha Reynolds,Male,Guatemala,2001-05-29,
PC-309601,Patricia Coleman,Female,Dominica,1996-09-30,
